model,keypad,row,physical_key,access,prefix_color,function,description,keyboard_printed_page,keyboard_pdf_page,function_printed_pages,function_pdf_pages,manual_pdf
HP-35,,1,x^y,none,,x^y,"Raises Y to the power of X (any real power, via logarithms)",,2–3,11–20,13–34,hp/manuals/HP-35.pdf
HP-35,,1,log,none,,log,Common (base-10) logarithm of X,,2–3,11–20,13–34,hp/manuals/HP-35.pdf
HP-35,,1,ln,none,,ln,Natural (base-e) logarithm of X,,2–3,11–20,13–34,hp/manuals/HP-35.pdf
HP-35,,1,e^x,none,,e^x,Raises e to the power X (natural antilogarithm),,2–3,11–20,13–34,hp/manuals/HP-35.pdf
HP-35,,1,CLR,none,,CLR,Clears the entire machine (stack and memory),,2–3,11–20,13–34,hp/manuals/HP-35.pdf
HP-35,,2,√x,none,,√x,Square root of the value in X,,2–3,11–20,13–34,hp/manuals/HP-35.pdf
HP-35,,2,arc,none,,arc,Pressed before sin/cos/tan to give inverse trig; result in decimal degrees,,2–3,11–20,13–34,hp/manuals/HP-35.pdf
HP-35,,2,sin,none,,sin,"Sine of X, angle in decimal degrees",,2–3,11–20,13–34,hp/manuals/HP-35.pdf
HP-35,,2,cos,none,,cos,"Cosine of X, angle in decimal degrees",,2–3,11–20,13–34,hp/manuals/HP-35.pdf
HP-35,,2,tan,none,,tan,"Tangent of X, angle in decimal degrees",,2–3,11–20,13–34,hp/manuals/HP-35.pdf
HP-35,,3,1/x,none,,1/x,Reciprocal of the value in X,,2–3,11–20,13–34,hp/manuals/HP-35.pdf
HP-35,,3,x⇄y,none,,x⇄y,Exchanges the X and Y registers,,2–3,11–20,13–34,hp/manuals/HP-35.pdf
HP-35,,3,R↓,none,,R↓,Rolls the stack contents down one position,,2–3,11–20,13–34,hp/manuals/HP-35.pdf
HP-35,,3,STO,none,,STO,Stores X into the single constant-memory register,,2–3,11–20,13–34,hp/manuals/HP-35.pdf
HP-35,,3,RCL,none,,RCL,Recalls the stored constant into X,,2–3,11–20,13–34,hp/manuals/HP-35.pdf
HP-35,,4,ENTER↑,none,,ENTER↑,Terminates entry and copies X up into Y (lifts the 4-level stack),,2–3,11–20,13–34,hp/manuals/HP-35.pdf
HP-35,,4,CHS,none,,CHS,Changes the sign of the mantissa or exponent being entered,,2–3,11–20,13–34,hp/manuals/HP-35.pdf
HP-35,,4,EEX,none,,EEX,Enter exponent — keys a power-of-ten exponent (scientific notation),,2–3,11–20,13–34,hp/manuals/HP-35.pdf
HP-35,,4,CLx,none,,CLx,Clears the X register (display) only,,2–3,11–20,13–34,hp/manuals/HP-35.pdf
HP-35,,5,−,none,,−,"Subtracts X from Y, result in X",,2–3,11–20,13–34,hp/manuals/HP-35.pdf
HP-35,,5,7,none,,7,digit 7,,2–3,11–20,13–34,hp/manuals/HP-35.pdf
HP-35,,5,8,none,,8,digit 8,,2–3,11–20,13–34,hp/manuals/HP-35.pdf
HP-35,,5,9,none,,9,digit 9,,2–3,11–20,13–34,hp/manuals/HP-35.pdf
HP-35,,6,+,none,,+,"Adds Y to X, result in X",,2–3,11–20,13–34,hp/manuals/HP-35.pdf
HP-35,,6,4,none,,4,digit 4,,2–3,11–20,13–34,hp/manuals/HP-35.pdf
HP-35,,6,5,none,,5,digit 5,,2–3,11–20,13–34,hp/manuals/HP-35.pdf
HP-35,,6,6,none,,6,digit 6,,2–3,11–20,13–34,hp/manuals/HP-35.pdf
HP-35,,7,×,none,,×,"Multiplies Y by X, result in X",,2–3,11–20,13–34,hp/manuals/HP-35.pdf
HP-35,,7,1,none,,1,digit 1,,2–3,11–20,13–34,hp/manuals/HP-35.pdf
HP-35,,7,2,none,,2,digit 2,,2–3,11–20,13–34,hp/manuals/HP-35.pdf
HP-35,,7,3,none,,3,digit 3,,2–3,11–20,13–34,hp/manuals/HP-35.pdf
HP-35,,8,÷,none,,÷,"Divides Y by X, result in X",,2–3,11–20,13–34,hp/manuals/HP-35.pdf
HP-35,,8,0,none,,0,digit 0,,2–3,11–20,13–34,hp/manuals/HP-35.pdf
HP-35,,8,π,none,,π,Enters the constant pi (3.141592654),,2–3,11–20,13–34,hp/manuals/HP-35.pdf
HP-45,,1,1/x,none,,1/x,Reciprocal of X,10,12,58–59; 16–41,60–61; 18–43,hp/manuals/HP-45.pdf
HP-45,,1,1/x,shift,s,y^x,Raises Y to the power of X,10,12,58–59; 16–41,60–61; 18–43,hp/manuals/HP-45.pdf
HP-45,,1,ln,none,,ln,Natural (base-e) logarithm of X,10,12,58–59; 16–41,60–61; 18–43,hp/manuals/HP-45.pdf
HP-45,,1,ln,shift,s,log,Common (base-10) logarithm of X,10,12,58–59; 16–41,60–61; 18–43,hp/manuals/HP-45.pdf
HP-45,,1,e^x,none,,e^x,Natural antilogarithm — e raised to X,10,12,58–59; 16–41,60–61; 18–43,hp/manuals/HP-45.pdf
HP-45,,1,e^x,shift,s,10^x,Common antilogarithm — 10 raised to X,10,12,58–59; 16–41,60–61; 18–43,hp/manuals/HP-45.pdf
HP-45,,1,FIX,none,,FIX,Fixed-decimal display mode; follow with digit for places,10,12,58–59; 16–41,60–61; 18–43,hp/manuals/HP-45.pdf
HP-45,,1,FIX,shift,s,SCI,Scientific-notation display mode; follow with digit for places,10,12,58–59; 16–41,60–61; 18–43,hp/manuals/HP-45.pdf
HP-45,,1,[gold shift key],none,,[gold shift key],,10,12,58–59; 16–41,60–61; 18–43,hp/manuals/HP-45.pdf
HP-45,,2,x²,none,,x²,Square of X,10,12,58–59; 16–41,60–61; 18–43,hp/manuals/HP-45.pdf
HP-45,,2,x²,shift,s,√x,Square root of X,10,12,58–59; 16–41,60–61; 18–43,hp/manuals/HP-45.pdf
HP-45,,2,→P,none,,→P,"Converts rectangular coordinates (x,y) to polar (r,θ)",10,12,58–59; 16–41,60–61; 18–43,hp/manuals/HP-45.pdf
HP-45,,2,→P,shift,s,→R,"Converts polar coordinates (r,θ) to rectangular (x,y)",10,12,58–59; 16–41,60–61; 18–43,hp/manuals/HP-45.pdf
HP-45,,2,SIN,none,,SIN,Sine of X in the current angle mode,10,12,58–59; 16–41,60–61; 18–43,hp/manuals/HP-45.pdf
HP-45,,2,SIN,shift,s,SIN⁻¹,"Arc sine, result in current angle mode",10,12,58–59; 16–41,60–61; 18–43,hp/manuals/HP-45.pdf
HP-45,,2,COS,none,,COS,Cosine of X in the current angle mode,10,12,58–59; 16–41,60–61; 18–43,hp/manuals/HP-45.pdf
HP-45,,2,COS,shift,s,COS⁻¹,"Arc cosine, result in current angle mode",10,12,58–59; 16–41,60–61; 18–43,hp/manuals/HP-45.pdf
HP-45,,2,TAN,none,,TAN,Tangent of X in the current angle mode,10,12,58–59; 16–41,60–61; 18–43,hp/manuals/HP-45.pdf
HP-45,,2,TAN,shift,s,TAN⁻¹,"Arc tangent, result in current angle mode",10,12,58–59; 16–41,60–61; 18–43,hp/manuals/HP-45.pdf
HP-45,,3,x⇄y,none,,x⇄y,Exchanges X and Y,10,12,58–59; 16–41,60–61; 18–43,hp/manuals/HP-45.pdf
HP-45,,3,x⇄y,shift,s,n!,Factorial of X (integers 0–69),10,12,58–59; 16–41,60–61; 18–43,hp/manuals/HP-45.pdf
HP-45,,3,R↓,none,,R↓,Rolls the stack down one position,10,12,58–59; 16–41,60–61; 18–43,hp/manuals/HP-45.pdf
HP-45,,3,R↓,shift,s,"x̄,s",Computes mean and standard deviation of accumulated data,10,12,58–59; 16–41,60–61; 18–43,hp/manuals/HP-45.pdf
HP-45,,3,STO,none,,STO,Stores X into register Rn (n = 1–9),10,12,58–59; 16–41,60–61; 18–43,hp/manuals/HP-45.pdf
HP-45,,3,STO,shift,s,→D.MS,Converts decimal degrees to degrees-minutes-seconds,10,12,58–59; 16–41,60–61; 18–43,hp/manuals/HP-45.pdf
HP-45,,3,RCL,none,,RCL,Recalls Rn (n = 1–9) into X,10,12,58–59; 16–41,60–61; 18–43,hp/manuals/HP-45.pdf
HP-45,,3,RCL,shift,s,D.MS→,Converts degrees-minutes-seconds back to decimal degrees,10,12,58–59; 16–41,60–61; 18–43,hp/manuals/HP-45.pdf
HP-45,,3,%,none,,%,Computes X percent of Y,10,12,58–59; 16–41,60–61; 18–43,hp/manuals/HP-45.pdf
HP-45,,3,%,shift,s,Δ%,Percent difference between Y and X,10,12,58–59; 16–41,60–61; 18–43,hp/manuals/HP-45.pdf
HP-45,,4,ENTER↑,none,,ENTER↑,Terminates entry and lifts X into the stack,10,12,58–59; 16–41,60–61; 18–43,hp/manuals/HP-45.pdf
HP-45,,4,ENTER↑,shift,s,DEG,Sets decimal-degrees angle mode,10,12,58–59; 16–41,60–61; 18–43,hp/manuals/HP-45.pdf
HP-45,,4,CHS,none,,CHS,Changes sign of mantissa or exponent,10,12,58–59; 16–41,60–61; 18–43,hp/manuals/HP-45.pdf
HP-45,,4,CHS,shift,s,RAD,Sets radians angle mode,10,12,58–59; 16–41,60–61; 18–43,hp/manuals/HP-45.pdf
HP-45,,4,EEX,none,,EEX,Enter exponent for scientific-notation entry,10,12,58–59; 16–41,60–61; 18–43,hp/manuals/HP-45.pdf
HP-45,,4,EEX,shift,s,GRD,Sets grads angle mode,10,12,58–59; 16–41,60–61; 18–43,hp/manuals/HP-45.pdf
HP-45,,4,CLx,none,,CLx,Clears the X register only,10,12,58–59; 16–41,60–61; 18–43,hp/manuals/HP-45.pdf
HP-45,,4,CLx,shift,s,CLEAR,Clears the entire stack and all storage/summation registers,10,12,58–59; 16–41,60–61; 18–43,hp/manuals/HP-45.pdf
HP-45,,5,−,none,,−,Subtracts X from Y,10,12,58–59; 16–41,60–61; 18–43,hp/manuals/HP-45.pdf
HP-45,,5,−,shift,s,7→cm/in,,10,12,58–59; 16–41,60–61; 18–43,hp/manuals/HP-45.pdf
HP-45,,5,7,none,,7,digit 7,10,12,58–59; 16–41,60–61; 18–43,hp/manuals/HP-45.pdf
HP-45,,5,7,shift,s,8→kg/lb,,10,12,58–59; 16–41,60–61; 18–43,hp/manuals/HP-45.pdf
HP-45,,5,8,none,,8,digit 8,10,12,58–59; 16–41,60–61; 18–43,hp/manuals/HP-45.pdf
HP-45,,5,8,shift,s,9→ltr/gal,,10,12,58–59; 16–41,60–61; 18–43,hp/manuals/HP-45.pdf
HP-45,,5,9,none,,9,digit 9,10,12,58–59; 16–41,60–61; 18–43,hp/manuals/HP-45.pdf
HP-45,,6,+,none,,+,Adds Y to X,10,12,58–59; 16–41,60–61; 18–43,hp/manuals/HP-45.pdf
HP-45,,6,4,none,,4,digit 4,10,12,58–59; 16–41,60–61; 18–43,hp/manuals/HP-45.pdf
HP-45,,6,5,none,,5,digit 5,10,12,58–59; 16–41,60–61; 18–43,hp/manuals/HP-45.pdf
HP-45,,6,6,none,,6,digit 6,10,12,58–59; 16–41,60–61; 18–43,hp/manuals/HP-45.pdf
HP-45,,7,×,none,,×,Multiplies Y by X,10,12,58–59; 16–41,60–61; 18–43,hp/manuals/HP-45.pdf
HP-45,,7,1,none,,1,digit 1,10,12,58–59; 16–41,60–61; 18–43,hp/manuals/HP-45.pdf
HP-45,,7,2,none,,2,digit 2,10,12,58–59; 16–41,60–61; 18–43,hp/manuals/HP-45.pdf
HP-45,,7,3,none,,3,digit 3,10,12,58–59; 16–41,60–61; 18–43,hp/manuals/HP-45.pdf
HP-45,,8,÷,none,,÷,Divides Y by X,10,12,58–59; 16–41,60–61; 18–43,hp/manuals/HP-45.pdf
HP-45,,8,÷,shift,s,0→LAST x,,10,12,58–59; 16–41,60–61; 18–43,hp/manuals/HP-45.pdf
HP-45,,8,0,none,,0,digit 0,10,12,58–59; 16–41,60–61; 18–43,hp/manuals/HP-45.pdf
HP-45,,8,Σ+,none,,Σ+,Accumulates X (and Y) into the summation registers,10,12,58–59; 16–41,60–61; 18–43,hp/manuals/HP-45.pdf
HP-65,,1,A,none,,A,,4,7,27–100,31–104,hp/manuals/HP-65.pdf
HP-65,,1,A,f,gold,1/x,Reciprocal of X,4,7,27–100,31–104,hp/manuals/HP-65.pdf
HP-65,,1,B,none,,B,,4,7,27–100,31–104,hp/manuals/HP-65.pdf
HP-65,,1,B,f,gold,√x,Square root of X,4,7,27–100,31–104,hp/manuals/HP-65.pdf
HP-65,,1,C,none,,C,,4,7,27–100,31–104,hp/manuals/HP-65.pdf
HP-65,,1,C,f,gold,y^x,Raises Y to the power of X,4,7,27–100,31–104,hp/manuals/HP-65.pdf
HP-65,,1,D,none,,D,,4,7,27–100,31–104,hp/manuals/HP-65.pdf
HP-65,,1,D,f,gold,R↓,Rolls the stack down one position,4,7,27–100,31–104,hp/manuals/HP-65.pdf
HP-65,,1,E,none,,E,,4,7,27–100,31–104,hp/manuals/HP-65.pdf
HP-65,,1,E,f,gold,x⇄y,Exchanges X and Y,4,7,27–100,31–104,hp/manuals/HP-65.pdf
HP-65,,2,DSP,none,,DSP,"Sets display format; DSP · n = fixed to n places, DSP n = scientific",4,7,27–100,31–104,hp/manuals/HP-65.pdf
HP-65,,2,DSP,g,blue,x≠y,Skips two steps unless X ≠ Y,4,7,27–100,31–104,hp/manuals/HP-65.pdf
HP-65,,2,GTO,none,,GTO,Branches the program pointer to a label,4,7,27–100,31–104,hp/manuals/HP-65.pdf
HP-65,,2,GTO,g,blue,x≤y,Skips two steps unless X ≤ Y,4,7,27–100,31–104,hp/manuals/HP-65.pdf
HP-65,,2,LBL,none,,LBL,Marks a program/routine label (followed by A–E or 0–9),4,7,27–100,31–104,hp/manuals/HP-65.pdf
HP-65,,2,LBL,g,blue,x=y,Skips two steps unless X = Y,4,7,27–100,31–104,hp/manuals/HP-65.pdf
HP-65,,2,RTN,none,,RTN,Returns from a subroutine; ends/stops a program,4,7,27–100,31–104,hp/manuals/HP-65.pdf
HP-65,,2,RTN,g,blue,x>y,Skips two steps unless X > Y,4,7,27–100,31–104,hp/manuals/HP-65.pdf
HP-65,,2,SST,none,,SST,Single-steps through program memory,4,7,27–100,31–104,hp/manuals/HP-65.pdf
HP-65,,3,f,none,,f,Gold prefix — selects the gold function above a key,4,7,27–100,31–104,hp/manuals/HP-65.pdf
HP-65,,3,f⁻¹,none,,f⁻¹,Gold prefix — selects the inverse of that gold function,4,7,27–100,31–104,hp/manuals/HP-65.pdf
HP-65,,3,STO,none,,STO,Stores X into addressable register Rn (n = 1–9),4,7,27–100,31–104,hp/manuals/HP-65.pdf
HP-65,,3,RCL,none,,RCL,Recalls Rn (n = 1–9) into X,4,7,27–100,31–104,hp/manuals/HP-65.pdf
HP-65,,3,g,none,,g,Blue prefix — selects the blue function below a key,4,7,27–100,31–104,hp/manuals/HP-65.pdf
HP-65,,4,ENTER↑,none,,ENTER↑,Terminates entry and lifts X into the stack,4,7,27–100,31–104,hp/manuals/HP-65.pdf
HP-65,,4,ENTER↑,f,gold,PREFIX,Cancels an unwanted pending prefix key,4,7,27–100,31–104,hp/manuals/HP-65.pdf
HP-65,,4,ENTER↑,g,blue,DEG,Sets decimal-degrees angle mode,4,7,27–100,31–104,hp/manuals/HP-65.pdf
HP-65,,4,CHS,none,,CHS,Changes sign of mantissa or exponent,4,7,27–100,31–104,hp/manuals/HP-65.pdf
HP-65,,4,CHS,f,gold,CLEAR STK,Clears all four stack registers,4,7,27–100,31–104,hp/manuals/HP-65.pdf
HP-65,,4,CHS,g,blue,RAD,Sets radians angle mode,4,7,27–100,31–104,hp/manuals/HP-65.pdf
HP-65,,4,EEX,none,,EEX,Enter exponent for scientific-notation entry,4,7,27–100,31–104,hp/manuals/HP-65.pdf
HP-65,,4,EEX,f,gold,CLEAR REG,Clears all nine addressable registers,4,7,27–100,31–104,hp/manuals/HP-65.pdf
HP-65,,4,EEX,g,blue,GRD,Sets grads angle mode,4,7,27–100,31–104,hp/manuals/HP-65.pdf
HP-65,,4,CLX,none,,CLX,Clears the X register only,4,7,27–100,31–104,hp/manuals/HP-65.pdf
HP-65,,4,CLX,f,gold,CLEAR PRGM,Clears the 100-step program memory (W/PRGM mode),4,7,27–100,31–104,hp/manuals/HP-65.pdf
HP-65,,4,CLX,g,blue,DEL,Deletes the current program step (W/PRGM mode),4,7,27–100,31–104,hp/manuals/HP-65.pdf
HP-65,,5,−,none,,−,Subtracts X from Y,4,7,27–100,31–104,hp/manuals/HP-65.pdf
HP-65,,5,−,f,gold,SF 1,Sets flag 1 (f⁻¹ lowers it),4,7,27–100,31–104,hp/manuals/HP-65.pdf
HP-65,,5,7,none,,7,digit 7,4,7,27–100,31–104,hp/manuals/HP-65.pdf
HP-65,,5,7,f,gold,LN,Natural (base-e) logarithm of X,4,7,27–100,31–104,hp/manuals/HP-65.pdf
HP-65,,5,7,g,blue,x⇄y,Exchanges X and Y,4,7,27–100,31–104,hp/manuals/HP-65.pdf
HP-65,,5,8,none,,8,digit 8,4,7,27–100,31–104,hp/manuals/HP-65.pdf
HP-65,,5,8,f,gold,LOG,Common (base-10) logarithm of X,4,7,27–100,31–104,hp/manuals/HP-65.pdf
HP-65,,5,8,g,blue,R↓,Rolls the stack down one position,4,7,27–100,31–104,hp/manuals/HP-65.pdf
HP-65,,5,9,none,,9,digit 9,4,7,27–100,31–104,hp/manuals/HP-65.pdf
HP-65,,5,9,f,gold,√x,Square root of X,4,7,27–100,31–104,hp/manuals/HP-65.pdf
HP-65,,5,9,g,blue,R↑,Rolls the stack up one position,4,7,27–100,31–104,hp/manuals/HP-65.pdf
HP-65,,6,+,none,,+,Adds Y to X,4,7,27–100,31–104,hp/manuals/HP-65.pdf
HP-65,,6,+,f,gold,TF 1,Tests flag 1 — skips two steps if the test fails,4,7,27–100,31–104,hp/manuals/HP-65.pdf
HP-65,,6,4,none,,4,digit 4,4,7,27–100,31–104,hp/manuals/HP-65.pdf
HP-65,,6,4,f,gold,SIN,Sine of X in current angle mode,4,7,27–100,31–104,hp/manuals/HP-65.pdf
HP-65,,6,4,g,blue,1/x,Reciprocal of X,4,7,27–100,31–104,hp/manuals/HP-65.pdf
HP-65,,6,5,none,,5,digit 5,4,7,27–100,31–104,hp/manuals/HP-65.pdf
HP-65,,6,5,f,gold,COS,Cosine of X in current angle mode,4,7,27–100,31–104,hp/manuals/HP-65.pdf
HP-65,,6,5,g,blue,y^x,Raises Y to the power of X,4,7,27–100,31–104,hp/manuals/HP-65.pdf
HP-65,,6,6,none,,6,digit 6,4,7,27–100,31–104,hp/manuals/HP-65.pdf
HP-65,,6,6,f,gold,TAN,Tangent of X in current angle mode,4,7,27–100,31–104,hp/manuals/HP-65.pdf
HP-65,,6,6,g,blue,ABS,Absolute value of X,4,7,27–100,31–104,hp/manuals/HP-65.pdf
HP-65,,7,×,none,,×,Multiplies Y by X,4,7,27–100,31–104,hp/manuals/HP-65.pdf
HP-65,,7,×,f,gold,SF 2,Sets flag 2 (f⁻¹ lowers it),4,7,27–100,31–104,hp/manuals/HP-65.pdf
HP-65,,7,1,none,,1,digit 1,4,7,27–100,31–104,hp/manuals/HP-65.pdf
HP-65,,7,1,f,gold,R→P,"Converts rectangular coordinates (x,y) to polar (r,θ)",4,7,27–100,31–104,hp/manuals/HP-65.pdf
HP-65,,7,1,g,blue,NOP,No operation (placeholder step),4,7,27–100,31–104,hp/manuals/HP-65.pdf
HP-65,,7,2,none,,2,digit 2,4,7,27–100,31–104,hp/manuals/HP-65.pdf
HP-65,,7,2,f,gold,D.MS+,Adds two angles in degrees.minutes-seconds format,4,7,27–100,31–104,hp/manuals/HP-65.pdf
HP-65,,7,2,g,blue,π,Enters the constant pi,4,7,27–100,31–104,hp/manuals/HP-65.pdf
HP-65,,7,3,none,,3,digit 3,4,7,27–100,31–104,hp/manuals/HP-65.pdf
HP-65,,7,3,f,gold,→D.MS,Converts a decimal angle to degrees.minutes-seconds,4,7,27–100,31–104,hp/manuals/HP-65.pdf
HP-65,,7,3,g,blue,n!,Factorial of X (non-negative integer),4,7,27–100,31–104,hp/manuals/HP-65.pdf
HP-65,,8,÷,none,,÷,Divides Y by X,4,7,27–100,31–104,hp/manuals/HP-65.pdf
HP-65,,8,÷,f,gold,TF 2,Tests flag 2 — skips two steps if the test fails,4,7,27–100,31–104,hp/manuals/HP-65.pdf
HP-65,,8,0,none,,0,digit 0,4,7,27–100,31–104,hp/manuals/HP-65.pdf
HP-65,,8,0,f,gold,→OCT,Converts a decimal integer to octal (base 8),4,7,27–100,31–104,hp/manuals/HP-65.pdf
HP-65,,8,0,g,blue,LST X,Recalls the argument saved before the last operation,4,7,27–100,31–104,hp/manuals/HP-65.pdf
HP-65,,8,·,none,,·,decimal point,4,7,27–100,31–104,hp/manuals/HP-65.pdf
HP-65,,8,·,f,gold,INT,Truncates X to its signed integer part,4,7,27–100,31–104,hp/manuals/HP-65.pdf
HP-65,,8,·,g,blue,DSZ,Decrements R8 and skips two steps when it reaches zero,4,7,27–100,31–104,hp/manuals/HP-65.pdf
HP-65,,8,R/S,none,,R/S,Runs or stops program execution,4,7,27–100,31–104,hp/manuals/HP-65.pdf
HP-25,,1,SST,none,,SST,single-step forward through program memory,5–6; p009,,5–6,,hp/manuals/HP-25.pdf
HP-25,,1,SST,f,gold,FIX,fixed-point display; follow with digit for decimal places,5–6; p009,,5–6,,hp/manuals/HP-25.pdf
HP-25,,1,BST,none,,BST,step back through program memory,5–6; p009,,5–6,,hp/manuals/HP-25.pdf
HP-25,,1,BST,f,gold,SCI,scientific-notation display; follow with digit,5–6; p009,,5–6,,hp/manuals/HP-25.pdf
HP-25,,1,GTO,none,,GTO,position the program to a given step number,5–6; p009,,5–6,,hp/manuals/HP-25.pdf
HP-25,,1,GTO,f,gold,ENG,engineering-notation display; follow with digit,5–6; p009,,5–6,,hp/manuals/HP-25.pdf
HP-25,,1,f,none,,f,gold prefix; selects the gold function above a key,5–6; p009,,5–6,,hp/manuals/HP-25.pdf
HP-25,,1,g,none,,g,blue prefix; selects the blue function on a key's face,5–6; p009,,5–6,,hp/manuals/HP-25.pdf
HP-25,,2,x⇄y,none,,x⇄y,exchange the X and Y registers,5–6; p009,,5–6,,hp/manuals/HP-25.pdf
HP-25,,2,x⇄y,f,gold,x̄ (mean),,5–6; p009,,5–6,,hp/manuals/HP-25.pdf
HP-25,,2,x⇄y,g,blue,% (percent),,5–6; p009,,5–6,,hp/manuals/HP-25.pdf
HP-25,,2,R↓,none,,R↓,roll the stack contents downward,5–6; p009,,5–6,,hp/manuals/HP-25.pdf
HP-25,,2,R↓,f,gold,s (std dev),,5–6; p009,,5–6,,hp/manuals/HP-25.pdf
HP-25,,2,R↓,g,blue,1/x,reciprocal of X,5–6; p009,,5–6,,hp/manuals/HP-25.pdf
HP-25,,2,STO,none,,STO,store X into register 0–7; also register arithmetic,5–6; p009,,5–6,,hp/manuals/HP-25.pdf
HP-25,,2,RCL,none,,RCL,recall register 0–7 into X,5–6; p009,,5–6,,hp/manuals/HP-25.pdf
HP-25,,2,Σ+,none,,Σ+,accumulate X and Y into the statistics registers,5–6; p009,,5–6,,hp/manuals/HP-25.pdf
HP-25,,2,Σ+,f,gold,Σ−,remove X and Y from the statistics registers,5–6; p009,,5–6,,hp/manuals/HP-25.pdf
HP-25,,3,ENTER↑,none,,ENTER↑,copy X into Y to separate two numbers,5–6; p009,,5–6,,hp/manuals/HP-25.pdf
HP-25,,3,ENTER↑,f,gold,PREFIX,"cancel a partially keyed prefix (f, g, STO, RCL, GTO)",5–6; p009,,5–6,,hp/manuals/HP-25.pdf
HP-25,,3,CHS,none,,CHS,change sign of the number or its exponent,5–6; p009,,5–6,,hp/manuals/HP-25.pdf
HP-25,,3,CHS,f,gold,PRGM,clear program memory,5–6; p009,,5–6,,hp/manuals/HP-25.pdf
HP-25,,3,CHS,g,blue,DEG,set degrees mode for trigonometry,5–6; p009,,5–6,,hp/manuals/HP-25.pdf
HP-25,,3,EEX,none,,EEX,begin entering a power-of-ten exponent,5–6; p009,,5–6,,hp/manuals/HP-25.pdf
HP-25,,3,EEX,f,gold,REG,clear all storage registers to zero,5–6; p009,,5–6,,hp/manuals/HP-25.pdf
HP-25,,3,EEX,g,blue,RAD,set radians mode for trigonometry,5–6; p009,,5–6,,hp/manuals/HP-25.pdf
HP-25,,3,CLX,none,,CLX,clear the displayed X-register to zero,5–6; p009,,5–6,,hp/manuals/HP-25.pdf
HP-25,,3,CLX,f,gold,STK,clear all four stack registers to zero,5–6; p009,,5–6,,hp/manuals/HP-25.pdf
HP-25,,3,CLX,g,blue,GRD,set grads mode for trigonometry,5–6; p009,,5–6,,hp/manuals/HP-25.pdf
HP-25,,4,−,none,,−,subtract,5–6; p009,,5–6,,hp/manuals/HP-25.pdf
HP-25,,4,−,f,gold,x<y,do next step only if X < Y,5–6; p009,,5–6,,hp/manuals/HP-25.pdf
HP-25,,4,−,g,blue,x<0,do next step only if X < 0,5–6; p009,,5–6,,hp/manuals/HP-25.pdf
HP-25,,4,7,none,,7,digit 7,5–6; p009,,5–6,,hp/manuals/HP-25.pdf
HP-25,,4,7,f,gold,ln,natural logarithm (base e),5–6; p009,,5–6,,hp/manuals/HP-25.pdf
HP-25,,4,7,g,blue,e^x,natural antilogarithm (e raised to X),5–6; p009,,5–6,,hp/manuals/HP-25.pdf
HP-25,,4,8,none,,8,digit 8,5–6; p009,,5–6,,hp/manuals/HP-25.pdf
HP-25,,4,8,f,gold,log,common logarithm (base 10),5–6; p009,,5–6,,hp/manuals/HP-25.pdf
HP-25,,4,8,g,blue,10^x,common antilogarithm (10 raised to X),5–6; p009,,5–6,,hp/manuals/HP-25.pdf
HP-25,,4,9,none,,9,digit 9,5–6; p009,,5–6,,hp/manuals/HP-25.pdf
HP-25,,4,9,f,gold,→R,"polar magnitude/angle to rectangular X,Y coordinates",5–6; p009,,5–6,,hp/manuals/HP-25.pdf
HP-25,,4,9,g,blue,→P,"rectangular X,Y to polar magnitude and angle",5–6; p009,,5–6,,hp/manuals/HP-25.pdf
HP-25,,5,+,none,,+,add,5–6; p009,,5–6,,hp/manuals/HP-25.pdf
HP-25,,5,+,f,gold,x≥y,do next step only if X ≥ Y,5–6; p009,,5–6,,hp/manuals/HP-25.pdf
HP-25,,5,+,g,blue,x≥0,do next step only if X ≥ 0,5–6; p009,,5–6,,hp/manuals/HP-25.pdf
HP-25,,5,4,none,,4,digit 4,5–6; p009,,5–6,,hp/manuals/HP-25.pdf
HP-25,,5,4,f,gold,sin,sine of X,5–6; p009,,5–6,,hp/manuals/HP-25.pdf
HP-25,,5,4,g,blue,sin⁻¹,arc sine of X,5–6; p009,,5–6,,hp/manuals/HP-25.pdf
HP-25,,5,5,none,,5,digit 5,5–6; p009,,5–6,,hp/manuals/HP-25.pdf
HP-25,,5,5,f,gold,cos,cosine of X,5–6; p009,,5–6,,hp/manuals/HP-25.pdf
HP-25,,5,5,g,blue,cos⁻¹,arc cosine of X,5–6; p009,,5–6,,hp/manuals/HP-25.pdf
HP-25,,5,6,none,,6,digit 6,5–6; p009,,5–6,,hp/manuals/HP-25.pdf
HP-25,,5,6,f,gold,tan,tangent of X,5–6; p009,,5–6,,hp/manuals/HP-25.pdf
HP-25,,5,6,g,blue,tan⁻¹,arc tangent of X,5–6; p009,,5–6,,hp/manuals/HP-25.pdf
HP-25,,6,×,none,,×,multiply,5–6; p009,,5–6,,hp/manuals/HP-25.pdf
HP-25,,6,×,f,gold,x≠y,do next step only if X ≠ Y,5–6; p009,,5–6,,hp/manuals/HP-25.pdf
HP-25,,6,×,g,blue,x≠0,do next step only if X ≠ 0,5–6; p009,,5–6,,hp/manuals/HP-25.pdf
HP-25,,6,1,none,,1,digit 1,5–6; p009,,5–6,,hp/manuals/HP-25.pdf
HP-25,,6,1,f,gold,INT,keep only the integer part of X,5–6; p009,,5–6,,hp/manuals/HP-25.pdf
HP-25,,6,1,g,blue,FRAC,keep only the fractional part of X,5–6; p009,,5–6,,hp/manuals/HP-25.pdf
HP-25,,6,2,none,,2,digit 2,5–6; p009,,5–6,,hp/manuals/HP-25.pdf
HP-25,,6,2,f,gold,√x,square root of X,5–6; p009,,5–6,,hp/manuals/HP-25.pdf
HP-25,,6,2,g,blue,x²,square of X,5–6; p009,,5–6,,hp/manuals/HP-25.pdf
HP-25,,6,3,none,,3,digit 3,5–6; p009,,5–6,,hp/manuals/HP-25.pdf
HP-25,,6,3,f,gold,y^x,raise Y to the X power,5–6; p009,,5–6,,hp/manuals/HP-25.pdf
HP-25,,6,3,g,blue,ABS,absolute value of X,5–6; p009,,5–6,,hp/manuals/HP-25.pdf
HP-25,,7,÷,none,,÷,divide,5–6; p009,,5–6,,hp/manuals/HP-25.pdf
HP-25,,7,÷,f,gold,x=y,do next step only if X = Y,5–6; p009,,5–6,,hp/manuals/HP-25.pdf
HP-25,,7,÷,g,blue,x=0,do next step only if X = 0,5–6; p009,,5–6,,hp/manuals/HP-25.pdf
HP-25,,7,0,none,,0,digit 0,5–6; p009,,5–6,,hp/manuals/HP-25.pdf
HP-25,,7,0,f,gold,→H.MS,decimal hours/degrees to hours-minutes-seconds format,5–6; p009,,5–6,,hp/manuals/HP-25.pdf
HP-25,,7,0,g,blue,→H,hours-minutes-seconds to decimal hours/degrees,5–6; p009,,5–6,,hp/manuals/HP-25.pdf
HP-25,,7,.,none,,.,decimal point,5–6; p009,,5–6,,hp/manuals/HP-25.pdf
HP-25,,7,.,f,gold,LAST x,recall X as it was before the previous operation,5–6; p009,,5–6,,hp/manuals/HP-25.pdf
HP-25,,7,.,g,blue,π,enter the value of pi,5–6; p009,,5–6,,hp/manuals/HP-25.pdf
HP-25,,7,R/S,none,,R/S,start or stop program execution,5–6; p009,,5–6,,hp/manuals/HP-25.pdf
HP-25,,7,R/S,f,gold,PAUSE,briefly halt a running program to show X,5–6; p009,,5–6,,hp/manuals/HP-25.pdf
HP-25,,7,R/S,g,blue,NOP,no operation,5–6; p009,,5–6,,hp/manuals/HP-25.pdf
HP-67,,1,A,none,,A,run the routine labelled A (default: 1/x),8–12; p013,,8–13,,hp/manuals/HP-67.pdf
HP-67,,1,A,f,gold,a,run the routine labelled A (default: 1/x),8–12; p013,,8–13,,hp/manuals/HP-67.pdf
HP-67,,1,B,none,,B,run the routine labelled B (default: √x),8–12; p013,,8–13,,hp/manuals/HP-67.pdf
HP-67,,1,B,f,gold,b,run the routine labelled B (default: √x),8–12; p013,,8–13,,hp/manuals/HP-67.pdf
HP-67,,1,C,none,,C,run the routine labelled C (default: y^x),8–12; p013,,8–13,,hp/manuals/HP-67.pdf
HP-67,,1,C,f,gold,c,run the routine labelled C (default: y^x),8–12; p013,,8–13,,hp/manuals/HP-67.pdf
HP-67,,1,D,none,,D,run the routine labelled D (default: R↓),8–12; p013,,8–13,,hp/manuals/HP-67.pdf
HP-67,,1,D,f,gold,d,run the routine labelled D (default: R↓),8–12; p013,,8–13,,hp/manuals/HP-67.pdf
HP-67,,1,E,none,,E,run the routine labelled E (default: x⇄y),8–12; p013,,8–13,,hp/manuals/HP-67.pdf
HP-67,,1,E,f,gold,e,run the routine labelled E (default: x⇄y),8–12; p013,,8–13,,hp/manuals/HP-67.pdf
HP-67,,2,Σ+,none,,Σ+,accumulate X and Y into the statistics registers,8–12; p013,,8–13,,hp/manuals/HP-67.pdf
HP-67,,2,Σ+,f,gold,x̄ (mean),,8–12; p013,,8–13,,hp/manuals/HP-67.pdf
HP-67,,2,Σ+,g,blue,s (std dev),,8–12; p013,,8–13,,hp/manuals/HP-67.pdf
HP-67,,2,Σ+,h,black,Σ−,remove X and Y from the statistics registers,8–12; p013,,8–13,,hp/manuals/HP-67.pdf
HP-67,,2,GTO,none,,GTO,go to a step number or labelled routine,8–12; p013,,8–13,,hp/manuals/HP-67.pdf
HP-67,,2,GTO,f,gold,GSB,call a labelled routine as a subroutine,8–12; p013,,8–13,,hp/manuals/HP-67.pdf
HP-67,,2,GTO,g,blue,f,gold prefix; selects the gold function below a key,8–12; p013,,8–13,,hp/manuals/HP-67.pdf
HP-67,,2,GTO,h,black,RTN,return from subroutine (or to step 000),8–12; p013,,8–13,,hp/manuals/HP-67.pdf
HP-67,,2,DSP,none,,DSP,prefix; follow with digit to set displayed decimal places,8–12; p013,,8–13,,hp/manuals/HP-67.pdf
HP-67,,2,DSP,f,gold,FIX,fixed-point display,8–12; p013,,8–13,,hp/manuals/HP-67.pdf
HP-67,,2,DSP,g,blue,SCI,scientific-notation display,8–12; p013,,8–13,,hp/manuals/HP-67.pdf
HP-67,,2,DSP,h,black,ENG,engineering-notation display,8–12; p013,,8–13,,hp/manuals/HP-67.pdf
HP-67,,2,(i),none,,(i),indirect: address a register/step via the value in I,8–12; p013,,8–13,,hp/manuals/HP-67.pdf
HP-67,,2,(i),f,gold,RND,round the mantissa to the displayed precision,8–12; p013,,8–13,,hp/manuals/HP-67.pdf
HP-67,,2,(i),h,black,x⇄I,exchange X with the I (index) register,8–12; p013,,8–13,,hp/manuals/HP-67.pdf
HP-67,,2,SST,none,,SST,single-step forward through program memory,8–12; p013,,8–13,,hp/manuals/HP-67.pdf
HP-67,,2,SST,f,gold,LBL,mark the start of a labelled routine,8–12; p013,,8–13,,hp/manuals/HP-67.pdf
HP-67,,2,SST,g,blue,f,gold prefix; selects the gold function below a key,8–12; p013,,8–13,,hp/manuals/HP-67.pdf
HP-67,,2,SST,h,black,BST,step back through program memory,8–12; p013,,8–13,,hp/manuals/HP-67.pdf
HP-67,,3,f,none,,f,gold prefix; selects the gold function below a key,8–12; p013,,8–13,,hp/manuals/HP-67.pdf
HP-67,,3,g,none,,g,blue prefix; selects the blue function below a key,8–12; p013,,8–13,,hp/manuals/HP-67.pdf
HP-67,,3,STO,none,,STO,"store X into a register (R0–R9, RA–RE); also register arithmetic",8–12; p013,,8–13,,hp/manuals/HP-67.pdf
HP-67,,3,STO,f,gold,DSZ,"decrement I, skip next step if it reaches zero",8–12; p013,,8–13,,hp/manuals/HP-67.pdf
HP-67,,3,STO,g,blue,DSZ (i),"decrement register addressed by I, skip if zero",8–12; p013,,8–13,,hp/manuals/HP-67.pdf
HP-67,,3,STO,h,black,ST I,store X into the I (index) register,8–12; p013,,8–13,,hp/manuals/HP-67.pdf
HP-67,,3,RCL,none,,RCL,recall a register into X,8–12; p013,,8–13,,hp/manuals/HP-67.pdf
HP-67,,3,RCL,f,gold,ISZ,"increment I, skip next step if it reaches zero",8–12; p013,,8–13,,hp/manuals/HP-67.pdf
HP-67,,3,RCL,g,blue,ISZ (i),"increment register addressed by I, skip if zero",8–12; p013,,8–13,,hp/manuals/HP-67.pdf
HP-67,,3,RCL,h,black,RC I,recall the I register into X,8–12; p013,,8–13,,hp/manuals/HP-67.pdf
HP-67,,3,h,none,,h,black prefix; selects the black function on a key's face,8–12; p013,,8–13,,hp/manuals/HP-67.pdf
HP-67,,4,ENTER↑,none,,ENTER↑,copy X into Y to separate two numbers,8–12; p013,,8–13,,hp/manuals/HP-67.pdf
HP-67,,4,ENTER↑,f,gold,W/DATA,write the storage registers onto a magnetic card,8–12; p013,,8–13,,hp/manuals/HP-67.pdf
HP-67,,4,ENTER↑,g,blue,MERGE,merge card data/program without overwriting current contents,8–12; p013,,8–13,,hp/manuals/HP-67.pdf
HP-67,,4,ENTER↑,h,black,DEG,set degrees mode for trigonometry,8–12; p013,,8–13,,hp/manuals/HP-67.pdf
HP-67,,4,CHS,none,,CHS,change sign of the number or its exponent,8–12; p013,,8–13,,hp/manuals/HP-67.pdf
HP-67,,4,CHS,f,gold,P⇄S,swap primary registers R0–R9 with protected secondary RS0–RS9,8–12; p013,,8–13,,hp/manuals/HP-67.pdf
HP-67,,4,CHS,h,black,RAD,set radians mode for trigonometry,8–12; p013,,8–13,,hp/manuals/HP-67.pdf
HP-67,,4,EEX,none,,EEX,begin entering a power-of-ten exponent,8–12; p013,,8–13,,hp/manuals/HP-67.pdf
HP-67,,4,EEX,f,gold,CL REG,clear all primary storage registers to zero,8–12; p013,,8–13,,hp/manuals/HP-67.pdf
HP-67,,4,EEX,h,black,GRD,set grads mode for trigonometry,8–12; p013,,8–13,,hp/manuals/HP-67.pdf
HP-67,,4,CL X,none,,CL X,clear the displayed X-register to zero,8–12; p013,,8–13,,hp/manuals/HP-67.pdf
HP-67,,4,CL X,f,gold,CL PRGM,clear program memory and reset modes,8–12; p013,,8–13,,hp/manuals/HP-67.pdf
HP-67,,4,CL X,h,black,DEL,delete the current program instruction,8–12; p013,,8–13,,hp/manuals/HP-67.pdf
HP-67,,5,−,none,,−,subtract,8–12; p013,,8–13,,hp/manuals/HP-67.pdf
HP-67,,5,−,f,gold,x=0,do next step only if X = 0,8–12; p013,,8–13,,hp/manuals/HP-67.pdf
HP-67,,5,−,g,blue,x=y,do next step only if X = Y,8–12; p013,,8–13,,hp/manuals/HP-67.pdf
HP-67,,5,−,h,black,SF,set the flag named by the following digit (0–3),8–12; p013,,8–13,,hp/manuals/HP-67.pdf
HP-67,,5,7,none,,7,digit 7,8–12; p013,,8–13,,hp/manuals/HP-67.pdf
HP-67,,5,7,f,gold,LN,natural logarithm (base e),8–12; p013,,8–13,,hp/manuals/HP-67.pdf
HP-67,,5,7,g,blue,e^x,natural antilogarithm (e raised to X),8–12; p013,,8–13,,hp/manuals/HP-67.pdf
HP-67,,5,7,h,black,x⇄y,exchange the X and Y registers,8–12; p013,,8–13,,hp/manuals/HP-67.pdf
HP-67,,5,8,none,,8,digit 8,8–12; p013,,8–13,,hp/manuals/HP-67.pdf
HP-67,,5,8,f,gold,LOG,common logarithm (base 10),8–12; p013,,8–13,,hp/manuals/HP-67.pdf
HP-67,,5,8,g,blue,10^x,common antilogarithm (10 raised to X),8–12; p013,,8–13,,hp/manuals/HP-67.pdf
HP-67,,5,8,h,black,R↓,roll the stack contents downward,8–12; p013,,8–13,,hp/manuals/HP-67.pdf
HP-67,,5,9,none,,9,digit 9,8–12; p013,,8–13,,hp/manuals/HP-67.pdf
HP-67,,5,9,f,gold,√x,square root of X,8–12; p013,,8–13,,hp/manuals/HP-67.pdf
HP-67,,5,9,g,blue,x²,square of X,8–12; p013,,8–13,,hp/manuals/HP-67.pdf
HP-67,,5,9,h,black,R↑,roll the stack contents upward,8–12; p013,,8–13,,hp/manuals/HP-67.pdf
HP-67,,6,+,none,,+,add,8–12; p013,,8–13,,hp/manuals/HP-67.pdf
HP-67,,6,+,f,gold,x≠0,do next step only if X ≠ 0,8–12; p013,,8–13,,hp/manuals/HP-67.pdf
HP-67,,6,+,g,blue,x≠y,do next step only if X ≠ Y,8–12; p013,,8–13,,hp/manuals/HP-67.pdf
HP-67,,6,+,h,black,CF,clear the flag named by the following digit,8–12; p013,,8–13,,hp/manuals/HP-67.pdf
HP-67,,6,4,none,,4,digit 4,8–12; p013,,8–13,,hp/manuals/HP-67.pdf
HP-67,,6,4,f,gold,SIN,sine of X,8–12; p013,,8–13,,hp/manuals/HP-67.pdf
HP-67,,6,4,g,blue,SIN⁻¹,arc sine of X,8–12; p013,,8–13,,hp/manuals/HP-67.pdf
HP-67,,6,4,h,black,1/x,reciprocal of X,8–12; p013,,8–13,,hp/manuals/HP-67.pdf
HP-67,,6,5,none,,5,digit 5,8–12; p013,,8–13,,hp/manuals/HP-67.pdf
HP-67,,6,5,f,gold,COS,cosine of X,8–12; p013,,8–13,,hp/manuals/HP-67.pdf
HP-67,,6,5,g,blue,COS⁻¹,arc cosine of X,8–12; p013,,8–13,,hp/manuals/HP-67.pdf
HP-67,,6,5,h,black,y^x,raise Y to the X power,8–12; p013,,8–13,,hp/manuals/HP-67.pdf
HP-67,,6,6,none,,6,digit 6,8–12; p013,,8–13,,hp/manuals/HP-67.pdf
HP-67,,6,6,f,gold,TAN,tangent of X,8–12; p013,,8–13,,hp/manuals/HP-67.pdf
HP-67,,6,6,g,blue,TAN⁻¹,arc tangent of X,8–12; p013,,8–13,,hp/manuals/HP-67.pdf
HP-67,,6,6,h,black,ABS,absolute value of X,8–12; p013,,8–13,,hp/manuals/HP-67.pdf
HP-67,,7,×,none,,×,multiply,8–12; p013,,8–13,,hp/manuals/HP-67.pdf
HP-67,,7,×,f,gold,x<0,do next step only if X < 0,8–12; p013,,8–13,,hp/manuals/HP-67.pdf
HP-67,,7,×,g,blue,x≤y,do next step only if X ≤ Y,8–12; p013,,8–13,,hp/manuals/HP-67.pdf
HP-67,,7,×,h,black,F?,do next step only if the named flag is set,8–12; p013,,8–13,,hp/manuals/HP-67.pdf
HP-67,,7,1,none,,1,digit 1,8–12; p013,,8–13,,hp/manuals/HP-67.pdf
HP-67,,7,1,f,gold,→R,"polar magnitude/angle to rectangular X,Y",8–12; p013,,8–13,,hp/manuals/HP-67.pdf
HP-67,,7,1,g,blue,→P,"rectangular X,Y to polar magnitude and angle",8–12; p013,,8–13,,hp/manuals/HP-67.pdf
HP-67,,7,1,h,black,PAUSE,pause a running program about one second,8–12; p013,,8–13,,hp/manuals/HP-67.pdf
HP-67,,7,2,none,,2,digit 2,8–12; p013,,8–13,,hp/manuals/HP-67.pdf
HP-67,,7,2,f,gold,D→R,convert degrees to radians,8–12; p013,,8–13,,hp/manuals/HP-67.pdf
HP-67,,7,2,g,blue,R→D,convert radians to degrees,8–12; p013,,8–13,,hp/manuals/HP-67.pdf
HP-67,,7,2,h,black,π,enter the value of pi,8–12; p013,,8–13,,hp/manuals/HP-67.pdf
HP-67,,7,3,none,,3,digit 3,8–12; p013,,8–13,,hp/manuals/HP-67.pdf
HP-67,,7,3,f,gold,→H,hours-minutes-seconds to decimal hours/degrees,8–12; p013,,8–13,,hp/manuals/HP-67.pdf
HP-67,,7,3,g,blue,→H.MS,decimal hours/degrees to hours-minutes-seconds,8–12; p013,,8–13,,hp/manuals/HP-67.pdf
HP-67,,7,3,h,black,REG,flash the storage registers for review,8–12; p013,,8–13,,hp/manuals/HP-67.pdf
HP-67,,8,÷,none,,÷,divide,8–12; p013,,8–13,,hp/manuals/HP-67.pdf
HP-67,,8,÷,f,gold,x>0,do next step only if X > 0,8–12; p013,,8–13,,hp/manuals/HP-67.pdf
HP-67,,8,÷,g,blue,x>y,do next step only if X > Y,8–12; p013,,8–13,,hp/manuals/HP-67.pdf
HP-67,,8,÷,h,black,N!,factorial of X,8–12; p013,,8–13,,hp/manuals/HP-67.pdf
HP-67,,8,0,none,,0,digit 0,8–12; p013,,8–13,,hp/manuals/HP-67.pdf
HP-67,,8,0,f,gold,%,compute x percent of y,8–12; p013,,8–13,,hp/manuals/HP-67.pdf
HP-67,,8,0,g,blue,%CH,percent change from Y to X,8–12; p013,,8–13,,hp/manuals/HP-67.pdf
HP-67,,8,0,h,black,LST X,recall X as it was before the previous operation,8–12; p013,,8–13,,hp/manuals/HP-67.pdf
HP-67,,8,.,none,,.,decimal point,8–12; p013,,8–13,,hp/manuals/HP-67.pdf
HP-67,,8,.,f,gold,INT,keep only the integer part of X,8–12; p013,,8–13,,hp/manuals/HP-67.pdf
HP-67,,8,.,g,blue,FRAC,keep only the fractional part of X,8–12; p013,,8–13,,hp/manuals/HP-67.pdf
HP-67,,8,.,h,black,H.MS+,add two hours-minutes-seconds (or D.MS) values,8–12; p013,,8–13,,hp/manuals/HP-67.pdf
HP-67,,8,R/S,none,,R/S,start or stop program execution,8–12; p013,,8–13,,hp/manuals/HP-67.pdf
HP-67,,8,R/S,f,gold,−x−,flash X five seconds (HP-97 print-compatible),8–12; p013,,8–13,,hp/manuals/HP-67.pdf
HP-67,,8,R/S,g,blue,STK,"flash the whole stack (T, Z, Y, X) for review",8–12; p013,,8–13,,hp/manuals/HP-67.pdf
HP-67,,8,R/S,h,black,SPACE,no-op on HP-67 (HP-97 print-compatible),8–12; p013,,8–13,,hp/manuals/HP-67.pdf
HP-97,,L1,A,none,,A,run the routine labelled A,p010; 9–13,,9–13,,hp/manuals/HP-97.pdf
HP-97,,L1,A,f,gold,a,run the routine labelled A,p010; 9–13,,9–13,,hp/manuals/HP-97.pdf
HP-97,,L1,B,none,,B,run the routine labelled B,p010; 9–13,,9–13,,hp/manuals/HP-97.pdf
HP-97,,L1,B,f,gold,b,run the routine labelled B,p010; 9–13,,9–13,,hp/manuals/HP-97.pdf
HP-97,,L1,C,none,,C,run the routine labelled C,p010; 9–13,,9–13,,hp/manuals/HP-97.pdf
HP-97,,L1,C,f,gold,c,run the routine labelled C,p010; 9–13,,9–13,,hp/manuals/HP-97.pdf
HP-97,,L1,D,none,,D,run the routine labelled D,p010; 9–13,,9–13,,hp/manuals/HP-97.pdf
HP-97,,L1,D,f,gold,d,run the routine labelled D,p010; 9–13,,9–13,,hp/manuals/HP-97.pdf
HP-97,,L1,E,none,,E,run the routine labelled E,p010; 9–13,,9–13,,hp/manuals/HP-97.pdf
HP-97,,L1,E,f,gold,e,run the routine labelled E,p010; 9–13,,9–13,,hp/manuals/HP-97.pdf
HP-97,,L1,f,none,,f,gold prefix; selects the gold function below a key,p010; 9–13,,9–13,,hp/manuals/HP-97.pdf
HP-97,,L2,LBL,none,,LBL,mark the start of a labelled routine,p010; 9–13,,9–13,,hp/manuals/HP-97.pdf
HP-97,,L2,LBL,f,gold,STF,set the flag named by the following digit (0–3),p010; 9–13,,9–13,,hp/manuals/HP-97.pdf
HP-97,,L2,GTO,none,,GTO,go to a step number or labelled routine,p010; 9–13,,9–13,,hp/manuals/HP-97.pdf
HP-97,,L2,GTO,f,gold,CLF,clear the flag named by the following digit,p010; 9–13,,9–13,,hp/manuals/HP-97.pdf
HP-97,,L2,GSB,none,,GSB,call a labelled routine as a subroutine,p010; 9–13,,9–13,,hp/manuals/HP-97.pdf
HP-97,,L2,GSB,f,gold,F?,do next step only if the named flag is set,p010; 9–13,,9–13,,hp/manuals/HP-97.pdf
HP-97,,L2,RTN,none,,RTN,return from subroutine (or to step 000),p010; 9–13,,9–13,,hp/manuals/HP-97.pdf
HP-97,,L2,RTN,f,gold,RND,round the mantissa to the displayed precision,p010; 9–13,,9–13,,hp/manuals/HP-97.pdf
HP-97,,L2,BST,none,,BST,step back through program memory,p010; 9–13,,9–13,,hp/manuals/HP-97.pdf
HP-97,,L2,BST,f,gold,DSZ,"decrement I (or addressed register), skip next step if zero",p010; 9–13,,9–13,,hp/manuals/HP-97.pdf
HP-97,,L2,SST,none,,SST,single-step forward through program memory,p010; 9–13,,9–13,,hp/manuals/HP-97.pdf
HP-97,,L2,SST,f,gold,ISZ,"increment I (or addressed register), skip next step if zero",p010; 9–13,,9–13,,hp/manuals/HP-97.pdf
HP-97,,L3,y^x,none,,y^x,raise Y to the X power,p010; 9–13,,9–13,,hp/manuals/HP-97.pdf
HP-97,,L3,y^x,f,gold,ABS,absolute value of X,p010; 9–13,,9–13,,hp/manuals/HP-97.pdf
HP-97,,L3,LN,none,,LN,natural logarithm (base e),p010; 9–13,,9–13,,hp/manuals/HP-97.pdf
HP-97,,L3,LN,f,gold,LOG,common logarithm (base 10),p010; 9–13,,9–13,,hp/manuals/HP-97.pdf
HP-97,,L3,e^x,none,,e^x,natural antilogarithm (e raised to X),p010; 9–13,,9–13,,hp/manuals/HP-97.pdf
HP-97,,L3,e^x,f,gold,10^x,common antilogarithm (10 raised to X),p010; 9–13,,9–13,,hp/manuals/HP-97.pdf
HP-97,,L3,→P,none,,→P,"rectangular X,Y to polar magnitude and angle",p010; 9–13,,9–13,,hp/manuals/HP-97.pdf
HP-97,,L3,→P,f,gold,INT,keep only the integer part of X,p010; 9–13,,9–13,,hp/manuals/HP-97.pdf
HP-97,,L3,STO,none,,STO,"store X into a register (R0–R9, RA–RE, I); also register arithmetic",p010; 9–13,,9–13,,hp/manuals/HP-97.pdf
HP-97,,L3,STO,f,gold,→H.MS,decimal hours/degrees to hours-minutes-seconds,p010; 9–13,,9–13,,hp/manuals/HP-97.pdf
HP-97,,L3,RCL,none,,RCL,recall a register into X,p010; 9–13,,9–13,,hp/manuals/HP-97.pdf
HP-97,,L3,RCL,f,gold,H.MS→,hours-minutes-seconds to decimal hours/degrees,p010; 9–13,,9–13,,hp/manuals/HP-97.pdf
HP-97,,L4,SIN,none,,SIN,sine of X,p010; 9–13,,9–13,,hp/manuals/HP-97.pdf
HP-97,,L4,SIN,f,gold,SIN⁻¹,arc sine of X,p010; 9–13,,9–13,,hp/manuals/HP-97.pdf
HP-97,,L4,COS,none,,COS,cosine of X,p010; 9–13,,9–13,,hp/manuals/HP-97.pdf
HP-97,,L4,COS,f,gold,COS⁻¹,arc cosine of X,p010; 9–13,,9–13,,hp/manuals/HP-97.pdf
HP-97,,L4,TAN,none,,TAN,tangent of X,p010; 9–13,,9–13,,hp/manuals/HP-97.pdf
HP-97,,L4,TAN,f,gold,TAN⁻¹,arc tangent of X,p010; 9–13,,9–13,,hp/manuals/HP-97.pdf
HP-97,,L4,→R,none,,→R,"polar magnitude/angle to rectangular X,Y",p010; 9–13,,9–13,,hp/manuals/HP-97.pdf
HP-97,,L4,→R,f,gold,FRAC,keep only the fractional part of X,p010; 9–13,,9–13,,hp/manuals/HP-97.pdf
HP-97,,L4,(i),none,,(i),indirect: address a register/step via the value in I,p010; 9–13,,9–13,,hp/manuals/HP-97.pdf
HP-97,,L4,(i),f,gold,D→R,convert degrees to radians,p010; 9–13,,9–13,,hp/manuals/HP-97.pdf
HP-97,,L4,I,none,,I,recall the I (index) register into X,p010; 9–13,,9–13,,hp/manuals/HP-97.pdf
HP-97,,L4,I,f,gold,R→D,convert radians to degrees,p010; 9–13,,9–13,,hp/manuals/HP-97.pdf
HP-97,,L5,R/S,none,,R/S,start or stop program execution,p010; 9–13,,9–13,,hp/manuals/HP-97.pdf
HP-97,,L5,R/S,f,gold,PAUSE,pause a running program about one second,p010; 9–13,,9–13,,hp/manuals/HP-97.pdf
HP-97,,L5,1/x,none,,1/x,reciprocal of X,p010; 9–13,,9–13,,hp/manuals/HP-97.pdf
HP-97,,L5,1/x,f,gold,N!,factorial of X,p010; 9–13,,9–13,,hp/manuals/HP-97.pdf
HP-97,,L5,x²,none,,x²,square of X,p010; 9–13,,9–13,,hp/manuals/HP-97.pdf
HP-97,,L5,x²,f,gold,x̄,mean of the accumulated x and y values,p010; 9–13,,9–13,,hp/manuals/HP-97.pdf
HP-97,,L5,√x,none,,√x,square root of X,p010; 9–13,,9–13,,hp/manuals/HP-97.pdf
HP-97,,L5,√x,f,gold,s,sample standard deviation of the accumulated values,p010; 9–13,,9–13,,hp/manuals/HP-97.pdf
HP-97,,L5,%,none,,%,compute x percent of y,p010; 9–13,,9–13,,hp/manuals/HP-97.pdf
HP-97,,L5,%,f,gold,%CH,percent change from Y to X,p010; 9–13,,9–13,,hp/manuals/HP-97.pdf
HP-97,,L5,Σ+,none,,Σ+,accumulate X and Y into the statistics registers,p010; 9–13,,9–13,,hp/manuals/HP-97.pdf
HP-97,,L5,Σ+,f,gold,Σ−,remove X and Y from the statistics registers,p010; 9–13,,9–13,,hp/manuals/HP-97.pdf
HP-97,,R1,FIX,none,,FIX,fixed-point display,p010; 9–13,,9–13,,hp/manuals/HP-97.pdf
HP-97,,R1,FIX,f,gold,PRINT SPACE,advance the paper one line without printing,p010; 9–13,,9–13,,hp/manuals/HP-97.pdf
HP-97,,R1,SCI,none,,SCI,scientific-notation display,p010; 9–13,,9–13,,hp/manuals/HP-97.pdf
HP-97,,R1,SCI,f,gold,PRINT PRGM,print the program listing,p010; 9–13,,9–13,,hp/manuals/HP-97.pdf
HP-97,,R1,ENG,none,,ENG,engineering-notation display,p010; 9–13,,9–13,,hp/manuals/HP-97.pdf
HP-97,,R1,ENG,f,gold,PRINT REG,print all primary storage registers,p010; 9–13,,9–13,,hp/manuals/HP-97.pdf
HP-97,,R1,PRINT x,none,,PRINT x,print the contents of the X-register,p010; 9–13,,9–13,,hp/manuals/HP-97.pdf
HP-97,,R1,PRINT x,f,gold,PRINT STACK,print the stack registers,p010; 9–13,,9–13,,hp/manuals/HP-97.pdf
HP-97,,R2,ENTER↑,none,,ENTER↑,copy X into Y to separate two numbers,p010; 9–13,,9–13,,hp/manuals/HP-97.pdf
HP-97,,R2,ENTER↑,f,gold,DEG,set degrees mode for trigonometry,p010; 9–13,,9–13,,hp/manuals/HP-97.pdf
HP-97,,R2,CHS,none,,CHS,change sign of the number or its exponent,p010; 9–13,,9–13,,hp/manuals/HP-97.pdf
HP-97,,R2,CHS,f,gold,RAD,set radians mode for trigonometry,p010; 9–13,,9–13,,hp/manuals/HP-97.pdf
HP-97,,R2,EEX,none,,EEX,begin entering a power-of-ten exponent,p010; 9–13,,9–13,,hp/manuals/HP-97.pdf
HP-97,,R2,EEX,f,gold,GRD,set grads mode for trigonometry,p010; 9–13,,9–13,,hp/manuals/HP-97.pdf
HP-97,,R2,÷,none,,÷,divide,p010; 9–13,,9–13,,hp/manuals/HP-97.pdf
HP-97,,R2,÷,f,gold,π,enter the value of pi,p010; 9–13,,9–13,,hp/manuals/HP-97.pdf
HP-97,,R3,R↓,none,,R↓,roll the stack contents downward,p010; 9–13,,9–13,,hp/manuals/HP-97.pdf
HP-97,,R3,R↓,f,gold,R↑,roll the stack contents upward,p010; 9–13,,9–13,,hp/manuals/HP-97.pdf
HP-97,,R3,7,none,,7,digit 7,p010; 9–13,,9–13,,hp/manuals/HP-97.pdf
HP-97,,R3,7,f,gold,x≠y?,do next step only if X ≠ Y,p010; 9–13,,9–13,,hp/manuals/HP-97.pdf
HP-97,,R3,8,none,,8,digit 8,p010; 9–13,,9–13,,hp/manuals/HP-97.pdf
HP-97,,R3,8,f,gold,x=y?,do next step only if X = Y,p010; 9–13,,9–13,,hp/manuals/HP-97.pdf
HP-97,,R3,9,none,,9,digit 9,p010; 9–13,,9–13,,hp/manuals/HP-97.pdf
HP-97,,R3,9,f,gold,x>y?,do next step only if X > Y,p010; 9–13,,9–13,,hp/manuals/HP-97.pdf
HP-97,,R3,×,none,,×,multiply,p010; 9–13,,9–13,,hp/manuals/HP-97.pdf
HP-97,,R3,×,f,gold,x≤y?,do next step only if X ≤ Y,p010; 9–13,,9–13,,hp/manuals/HP-97.pdf
HP-97,,R4,x⇄y,none,,x⇄y,exchange the X and Y registers,p010; 9–13,,9–13,,hp/manuals/HP-97.pdf
HP-97,,R4,x⇄y,f,gold,x⇄I,exchange X with the I (index) register,p010; 9–13,,9–13,,hp/manuals/HP-97.pdf
HP-97,,R4,4,none,,4,digit 4,p010; 9–13,,9–13,,hp/manuals/HP-97.pdf
HP-97,,R4,4,f,gold,x≠0?,do next step only if X ≠ 0,p010; 9–13,,9–13,,hp/manuals/HP-97.pdf
HP-97,,R4,5,none,,5,digit 5,p010; 9–13,,9–13,,hp/manuals/HP-97.pdf
HP-97,,R4,5,f,gold,x=0?,do next step only if X = 0,p010; 9–13,,9–13,,hp/manuals/HP-97.pdf
HP-97,,R4,6,none,,6,digit 6,p010; 9–13,,9–13,,hp/manuals/HP-97.pdf
HP-97,,R4,6,f,gold,x>0?,do next step only if X > 0,p010; 9–13,,9–13,,hp/manuals/HP-97.pdf
HP-97,,R4,−,none,,−,subtract,p010; 9–13,,9–13,,hp/manuals/HP-97.pdf
HP-97,,R4,−,f,gold,x<0?,do next step only if X < 0,p010; 9–13,,9–13,,hp/manuals/HP-97.pdf
HP-97,,R5,CL X,none,,CL X,clear the displayed X-register to zero,p010; 9–13,,9–13,,hp/manuals/HP-97.pdf
HP-97,,R5,CL X,f,gold,P⇄S,swap primary registers R0–R9 with protected secondary RS0–RS9,p010; 9–13,,9–13,,hp/manuals/HP-97.pdf
HP-97,,R5,1,none,,1,digit 1,p010; 9–13,,9–13,,hp/manuals/HP-97.pdf
HP-97,,R5,1,f,gold,DEL,delete the current program instruction,p010; 9–13,,9–13,,hp/manuals/HP-97.pdf
HP-97,,R5,2,none,,2,digit 2,p010; 9–13,,9–13,,hp/manuals/HP-97.pdf
HP-97,,R5,2,f,gold,CL REG,clear all primary storage registers to zero,p010; 9–13,,9–13,,hp/manuals/HP-97.pdf
HP-97,,R5,3,none,,3,digit 3,p010; 9–13,,9–13,,hp/manuals/HP-97.pdf
HP-97,,R5,3,f,gold,CL PRGM,clear program memory and reset modes,p010; 9–13,,9–13,,hp/manuals/HP-97.pdf
HP-97,,R5,+,none,,+,add,p010; 9–13,,9–13,,hp/manuals/HP-97.pdf
HP-97,,R5,+,f,gold,H.MS+,add two hours-minutes-seconds (or D.MS) values,p010; 9–13,,9–13,,hp/manuals/HP-97.pdf
HP-97,,R6,0,none,,0,digit 0,p010; 9–13,,9–13,,hp/manuals/HP-97.pdf
HP-97,,R6,0,f,gold,WRITE DATA,write the storage registers onto a magnetic card,p010; 9–13,,9–13,,hp/manuals/HP-97.pdf
HP-97,,R6,.,none,,.,decimal point,p010; 9–13,,9–13,,hp/manuals/HP-97.pdf
HP-97,,R6,.,f,gold,MERGE,merge card data/program without overwriting current contents,p010; 9–13,,9–13,,hp/manuals/HP-97.pdf
HP-97,,R6,DSP,none,,DSP,prefix; follow with digit to set displayed decimal places,p010; 9–13,,9–13,,hp/manuals/HP-97.pdf
HP-97,,R6,DSP,f,gold,LAST X,recall X as it was before the previous operation,p010; 9–13,,9–13,,hp/manuals/HP-97.pdf
HP-41C-CV,,1,Σ+,none,,Σ+,accumulate a statistics data point,12; 10; 11,,277–281,,hp/manuals/HP-41C-CV.pdf
HP-41C-CV,,1,Σ+,f,gold,Σ−,remove a statistics data point,12; 10; 11,,277–281,,hp/manuals/HP-41C-CV.pdf
HP-41C-CV,,1,Σ+,alpha,,A,,12; 10; 11,,277–281,,hp/manuals/HP-41C-CV.pdf
HP-41C-CV,,1,1/x,none,,1/x,reciprocal of X,12; 10; 11,,277–281,,hp/manuals/HP-41C-CV.pdf
HP-41C-CV,,1,1/x,f,gold,y^x,,12; 10; 11,,277–281,,hp/manuals/HP-41C-CV.pdf
HP-41C-CV,,1,1/x,alpha,,B,,12; 10; 11,,277–281,,hp/manuals/HP-41C-CV.pdf
HP-41C-CV,,1,√x,none,,√x,,12; 10; 11,,277–281,,hp/manuals/HP-41C-CV.pdf
HP-41C-CV,,1,√x,f,gold,x²,,12; 10; 11,,277–281,,hp/manuals/HP-41C-CV.pdf
HP-41C-CV,,1,√x,alpha,,C,,12; 10; 11,,277–281,,hp/manuals/HP-41C-CV.pdf
HP-41C-CV,,1,LOG,none,,LOG,common (base-10) logarithm of X,12; 10; 11,,277–281,,hp/manuals/HP-41C-CV.pdf
HP-41C-CV,,1,LOG,f,gold,10^x,,12; 10; 11,,277–281,,hp/manuals/HP-41C-CV.pdf
HP-41C-CV,,1,LOG,alpha,,D,,12; 10; 11,,277–281,,hp/manuals/HP-41C-CV.pdf
HP-41C-CV,,1,LN,none,,LN,natural logarithm of X,12; 10; 11,,277–281,,hp/manuals/HP-41C-CV.pdf
HP-41C-CV,,1,LN,f,gold,e^x,,12; 10; 11,,277–281,,hp/manuals/HP-41C-CV.pdf
HP-41C-CV,,1,LN,alpha,,E,,12; 10; 11,,277–281,,hp/manuals/HP-41C-CV.pdf
HP-41C-CV,,2,x≷y,none,,x≷y,exchange X and Y,12; 10; 11,,277–281,,hp/manuals/HP-41C-CV.pdf
HP-41C-CV,,2,x≷y,f,gold,CLΣ,clear the statistics registers,12; 10; 11,,277–281,,hp/manuals/HP-41C-CV.pdf
HP-41C-CV,,2,x≷y,alpha,,F,,12; 10; 11,,277–281,,hp/manuals/HP-41C-CV.pdf
HP-41C-CV,,2,R↓,none,,R↓,,12; 10; 11,,277–281,,hp/manuals/HP-41C-CV.pdf
HP-41C-CV,,2,R↓,f,gold,%,X percent of Y,12; 10; 11,,277–281,,hp/manuals/HP-41C-CV.pdf
HP-41C-CV,,2,R↓,alpha,,G,,12; 10; 11,,277–281,,hp/manuals/HP-41C-CV.pdf
HP-41C-CV,,2,SIN,none,,SIN,sine of X,12; 10; 11,,277–281,,hp/manuals/HP-41C-CV.pdf
HP-41C-CV,,2,SIN,f,gold,SIN⁻¹,,12; 10; 11,,277–281,,hp/manuals/HP-41C-CV.pdf
HP-41C-CV,,2,SIN,alpha,,H,,12; 10; 11,,277–281,,hp/manuals/HP-41C-CV.pdf
HP-41C-CV,,2,COS,none,,COS,cosine of X,12; 10; 11,,277–281,,hp/manuals/HP-41C-CV.pdf
HP-41C-CV,,2,COS,f,gold,COS⁻¹,,12; 10; 11,,277–281,,hp/manuals/HP-41C-CV.pdf
HP-41C-CV,,2,COS,alpha,,I,,12; 10; 11,,277–281,,hp/manuals/HP-41C-CV.pdf
HP-41C-CV,,2,TAN,none,,TAN,tangent of X,12; 10; 11,,277–281,,hp/manuals/HP-41C-CV.pdf
HP-41C-CV,,2,TAN,f,gold,TAN⁻¹,,12; 10; 11,,277–281,,hp/manuals/HP-41C-CV.pdf
HP-41C-CV,,2,TAN,alpha,,J,,12; 10; 11,,277–281,,hp/manuals/HP-41C-CV.pdf
HP-41C-CV,,3,XEQ,none,,XEQ,execute a program or function by label/name,12; 10; 11,,277–281,,hp/manuals/HP-41C-CV.pdf
HP-41C-CV,,3,XEQ,f,gold,ASN,assign a function to a USER key,12; 10; 11,,277–281,,hp/manuals/HP-41C-CV.pdf
HP-41C-CV,,3,XEQ,alpha,,K,,12; 10; 11,,277–281,,hp/manuals/HP-41C-CV.pdf
HP-41C-CV,,3,STO,none,,STO,store X into a register (nn/stack/indirect),12; 10; 11,,277–281,,hp/manuals/HP-41C-CV.pdf
HP-41C-CV,,3,STO,f,gold,LBL,define a program label,12; 10; 11,,277–281,,hp/manuals/HP-41C-CV.pdf
HP-41C-CV,,3,STO,alpha,,L,,12; 10; 11,,277–281,,hp/manuals/HP-41C-CV.pdf
HP-41C-CV,,3,RCL,none,,RCL,recall a register into X,12; 10; 11,,277–281,,hp/manuals/HP-41C-CV.pdf
HP-41C-CV,,3,RCL,f,gold,GTO,branch to a label (nn/name/indirect),12; 10; 11,,277–281,,hp/manuals/HP-41C-CV.pdf
HP-41C-CV,,3,RCL,alpha,,M,,12; 10; 11,,277–281,,hp/manuals/HP-41C-CV.pdf
HP-41C-CV,,3,SST,none,,SST,single-step through a program,12; 10; 11,,277–281,,hp/manuals/HP-41C-CV.pdf
HP-41C-CV,,3,SST,f,gold,BST,back-step through a program,12; 10; 11,,277–281,,hp/manuals/HP-41C-CV.pdf
HP-41C-CV,,4,ENTER↑,none,,ENTER↑,copy X into Y and lift the stack,12; 10; 11,,277–281,,hp/manuals/HP-41C-CV.pdf
HP-41C-CV,,4,ENTER↑,f,gold,CATALOG,,12; 10; 11,,277–281,,hp/manuals/HP-41C-CV.pdf
HP-41C-CV,,4,ENTER↑,alpha,,N,,12; 10; 11,,277–281,,hp/manuals/HP-41C-CV.pdf
HP-41C-CV,,4,CHS,none,,CHS,change sign of X,12; 10; 11,,277–281,,hp/manuals/HP-41C-CV.pdf
HP-41C-CV,,4,CHS,f,gold,ISG,"increment counter, skip if greater",12; 10; 11,,277–281,,hp/manuals/HP-41C-CV.pdf
HP-41C-CV,,4,CHS,alpha,,O,,12; 10; 11,,277–281,,hp/manuals/HP-41C-CV.pdf
HP-41C-CV,,4,EEX,none,,EEX,enter an exponent,12; 10; 11,,277–281,,hp/manuals/HP-41C-CV.pdf
HP-41C-CV,,4,EEX,f,gold,RTN,return from a subroutine,12; 10; 11,,277–281,,hp/manuals/HP-41C-CV.pdf
HP-41C-CV,,4,EEX,alpha,,P,,12; 10; 11,,277–281,,hp/manuals/HP-41C-CV.pdf
HP-41C-CV,,4,←,none,,←,,12; 10; 11,,277–281,,hp/manuals/HP-41C-CV.pdf
HP-41C-CV,,4,←,f,gold,CL x/A,,12; 10; 11,,277–281,,hp/manuals/HP-41C-CV.pdf
HP-41C-CV,,5,−,none,,−,subtract X from Y,12; 10; 11,,277–281,,hp/manuals/HP-41C-CV.pdf
HP-41C-CV,,5,−,f,gold,x=y?,skip next line unless X = Y,12; 10; 11,,277–281,,hp/manuals/HP-41C-CV.pdf
HP-41C-CV,,5,−,alpha,,Q,,12; 10; 11,,277–281,,hp/manuals/HP-41C-CV.pdf
HP-41C-CV,,5,7,none,,7,digit 7,12; 10; 11,,277–281,,hp/manuals/HP-41C-CV.pdf
HP-41C-CV,,5,7,f,gold,SF,set a flag (nn/indirect),12; 10; 11,,277–281,,hp/manuals/HP-41C-CV.pdf
HP-41C-CV,,5,7,alpha,,R,,12; 10; 11,,277–281,,hp/manuals/HP-41C-CV.pdf
HP-41C-CV,,5,8,none,,8,digit 8,12; 10; 11,,277–281,,hp/manuals/HP-41C-CV.pdf
HP-41C-CV,,5,8,f,gold,CF,clear a flag (nn/indirect),12; 10; 11,,277–281,,hp/manuals/HP-41C-CV.pdf
HP-41C-CV,,5,8,alpha,,S,,12; 10; 11,,277–281,,hp/manuals/HP-41C-CV.pdf
HP-41C-CV,,5,9,none,,9,digit 9,12; 10; 11,,277–281,,hp/manuals/HP-41C-CV.pdf
HP-41C-CV,,5,9,f,gold,FS?,test whether a flag is set,12; 10; 11,,277–281,,hp/manuals/HP-41C-CV.pdf
HP-41C-CV,,5,9,alpha,,T,,12; 10; 11,,277–281,,hp/manuals/HP-41C-CV.pdf
HP-41C-CV,,6,+,none,,+,add Y and X,12; 10; 11,,277–281,,hp/manuals/HP-41C-CV.pdf
HP-41C-CV,,6,+,f,gold,x≤y?,skip next line unless X ≤ Y,12; 10; 11,,277–281,,hp/manuals/HP-41C-CV.pdf
HP-41C-CV,,6,+,alpha,,U,,12; 10; 11,,277–281,,hp/manuals/HP-41C-CV.pdf
HP-41C-CV,,6,4,none,,4,digit 4,12; 10; 11,,277–281,,hp/manuals/HP-41C-CV.pdf
HP-41C-CV,,6,4,f,gold,BEEP,sound the standard beep,12; 10; 11,,277–281,,hp/manuals/HP-41C-CV.pdf
HP-41C-CV,,6,4,alpha,,V,,12; 10; 11,,277–281,,hp/manuals/HP-41C-CV.pdf
HP-41C-CV,,6,5,none,,5,digit 5,12; 10; 11,,277–281,,hp/manuals/HP-41C-CV.pdf
HP-41C-CV,,6,5,f,gold,P→R,,12; 10; 11,,277–281,,hp/manuals/HP-41C-CV.pdf
HP-41C-CV,,6,5,alpha,,W,,12; 10; 11,,277–281,,hp/manuals/HP-41C-CV.pdf
HP-41C-CV,,6,6,none,,6,digit 6,12; 10; 11,,277–281,,hp/manuals/HP-41C-CV.pdf
HP-41C-CV,,6,6,f,gold,R→P,,12; 10; 11,,277–281,,hp/manuals/HP-41C-CV.pdf
HP-41C-CV,,6,6,alpha,,X,exchange X with a register (nn/stack/indirect),12; 10; 11,,277–281,,hp/manuals/HP-41C-CV.pdf
HP-41C-CV,,7,×,none,,×,multiply Y by X,12; 10; 11,,277–281,,hp/manuals/HP-41C-CV.pdf
HP-41C-CV,,7,×,f,gold,x>y?,skip next line unless X > Y,12; 10; 11,,277–281,,hp/manuals/HP-41C-CV.pdf
HP-41C-CV,,7,×,alpha,,Y,,12; 10; 11,,277–281,,hp/manuals/HP-41C-CV.pdf
HP-41C-CV,,7,1,none,,1,digit 1,12; 10; 11,,277–281,,hp/manuals/HP-41C-CV.pdf
HP-41C-CV,,7,1,f,gold,FIX,fixed-point display with n decimals,12; 10; 11,,277–281,,hp/manuals/HP-41C-CV.pdf
HP-41C-CV,,7,1,alpha,,Z,,12; 10; 11,,277–281,,hp/manuals/HP-41C-CV.pdf
HP-41C-CV,,7,2,none,,2,digit 2,12; 10; 11,,277–281,,hp/manuals/HP-41C-CV.pdf
HP-41C-CV,,7,2,f,gold,SCI,scientific notation with n digits,12; 10; 11,,277–281,,hp/manuals/HP-41C-CV.pdf
HP-41C-CV,,7,2,alpha,,=,,12; 10; 11,,277–281,,hp/manuals/HP-41C-CV.pdf
HP-41C-CV,,7,3,none,,3,digit 3,12; 10; 11,,277–281,,hp/manuals/HP-41C-CV.pdf
HP-41C-CV,,7,3,f,gold,ENG,engineering notation with n digits,12; 10; 11,,277–281,,hp/manuals/HP-41C-CV.pdf
HP-41C-CV,,7,3,alpha,,?,,12; 10; 11,,277–281,,hp/manuals/HP-41C-CV.pdf
HP-41C-CV,,8,÷,none,,÷,divide Y by X,12; 10; 11,,277–281,,hp/manuals/HP-41C-CV.pdf
HP-41C-CV,,8,÷,f,gold,x=0?,skip next line unless X = 0,12; 10; 11,,277–281,,hp/manuals/HP-41C-CV.pdf
HP-41C-CV,,8,÷,alpha,,:,,12; 10; 11,,277–281,,hp/manuals/HP-41C-CV.pdf
HP-41C-CV,,8,0,none,,0,digit 0,12; 10; 11,,277–281,,hp/manuals/HP-41C-CV.pdf
HP-41C-CV,,8,0,f,gold,π,enter the constant pi,12; 10; 11,,277–281,,hp/manuals/HP-41C-CV.pdf
HP-41C-CV,,8,0,alpha,,SPACE,,12; 10; 11,,277–281,,hp/manuals/HP-41C-CV.pdf
HP-41C-CV,,8,•,none,,•,,12; 10; 11,,277–281,,hp/manuals/HP-41C-CV.pdf
HP-41C-CV,,8,•,f,gold,LASTx,recall the LAST X value,12; 10; 11,,277–281,,hp/manuals/HP-41C-CV.pdf
HP-41C-CV,,8,•,alpha,,",",decimal point,12; 10; 11,,277–281,,hp/manuals/HP-41C-CV.pdf
HP-41C-CV,,8,R/S,none,,R/S,run or stop a program,12; 10; 11,,277–281,,hp/manuals/HP-41C-CV.pdf
HP-41C-CV,,8,R/S,f,gold,VIEW,display a register's contents,12; 10; 11,,277–281,,hp/manuals/HP-41C-CV.pdf
HP-41CX,,1,Σ+,none,,Σ+,accumulate a statistics data point,25; 14–16,,146–147,,hp/manuals/HP-41CX.pdf
HP-41CX,,1,Σ+,f,gold,Σ−,remove a statistics data point,25; 14–16,,146–147,,hp/manuals/HP-41CX.pdf
HP-41CX,,1,Σ+,alpha,,A,,25; 14–16,,146–147,,hp/manuals/HP-41CX.pdf
HP-41CX,,1,1/x,none,,1/x,reciprocal of X,25; 14–16,,146–147,,hp/manuals/HP-41CX.pdf
HP-41CX,,1,1/x,f,gold,y^x,,25; 14–16,,146–147,,hp/manuals/HP-41CX.pdf
HP-41CX,,1,1/x,alpha,,B,,25; 14–16,,146–147,,hp/manuals/HP-41CX.pdf
HP-41CX,,1,√x,none,,√x,,25; 14–16,,146–147,,hp/manuals/HP-41CX.pdf
HP-41CX,,1,√x,f,gold,x²,,25; 14–16,,146–147,,hp/manuals/HP-41CX.pdf
HP-41CX,,1,√x,alpha,,C,,25; 14–16,,146–147,,hp/manuals/HP-41CX.pdf
HP-41CX,,1,LOG,none,,LOG,common (base-10) logarithm of X,25; 14–16,,146–147,,hp/manuals/HP-41CX.pdf
HP-41CX,,1,LOG,f,gold,10^x,,25; 14–16,,146–147,,hp/manuals/HP-41CX.pdf
HP-41CX,,1,LOG,alpha,,D,,25; 14–16,,146–147,,hp/manuals/HP-41CX.pdf
HP-41CX,,1,LN,none,,LN,natural logarithm of X,25; 14–16,,146–147,,hp/manuals/HP-41CX.pdf
HP-41CX,,1,LN,f,gold,e^x,,25; 14–16,,146–147,,hp/manuals/HP-41CX.pdf
HP-41CX,,1,LN,alpha,,E,,25; 14–16,,146–147,,hp/manuals/HP-41CX.pdf
HP-41CX,,2,x≷y,none,,x≷y,exchange X and Y,25; 14–16,,146–147,,hp/manuals/HP-41CX.pdf
HP-41CX,,2,x≷y,f,gold,CLΣ,clear the statistics registers,25; 14–16,,146–147,,hp/manuals/HP-41CX.pdf
HP-41CX,,2,x≷y,alpha,,F,,25; 14–16,,146–147,,hp/manuals/HP-41CX.pdf
HP-41CX,,2,R↓,none,,R↓,,25; 14–16,,146–147,,hp/manuals/HP-41CX.pdf
HP-41CX,,2,R↓,f,gold,%,X percent of Y,25; 14–16,,146–147,,hp/manuals/HP-41CX.pdf
HP-41CX,,2,R↓,alpha,,G,,25; 14–16,,146–147,,hp/manuals/HP-41CX.pdf
HP-41CX,,2,SIN,none,,SIN,sine of X,25; 14–16,,146–147,,hp/manuals/HP-41CX.pdf
HP-41CX,,2,SIN,f,gold,SIN⁻¹,,25; 14–16,,146–147,,hp/manuals/HP-41CX.pdf
HP-41CX,,2,SIN,alpha,,H,,25; 14–16,,146–147,,hp/manuals/HP-41CX.pdf
HP-41CX,,2,COS,none,,COS,cosine of X,25; 14–16,,146–147,,hp/manuals/HP-41CX.pdf
HP-41CX,,2,COS,f,gold,COS⁻¹,,25; 14–16,,146–147,,hp/manuals/HP-41CX.pdf
HP-41CX,,2,COS,alpha,,I,,25; 14–16,,146–147,,hp/manuals/HP-41CX.pdf
HP-41CX,,2,TAN,none,,TAN,tangent of X,25; 14–16,,146–147,,hp/manuals/HP-41CX.pdf
HP-41CX,,2,TAN,f,gold,TAN⁻¹,,25; 14–16,,146–147,,hp/manuals/HP-41CX.pdf
HP-41CX,,2,TAN,alpha,,J,,25; 14–16,,146–147,,hp/manuals/HP-41CX.pdf
HP-41CX,,3,XEQ,none,,XEQ,execute a program or function by label/name,25; 14–16,,146–147,,hp/manuals/HP-41CX.pdf
HP-41CX,,3,XEQ,f,gold,ASN,assign a function to a USER key,25; 14–16,,146–147,,hp/manuals/HP-41CX.pdf
HP-41CX,,3,XEQ,alpha,,K,,25; 14–16,,146–147,,hp/manuals/HP-41CX.pdf
HP-41CX,,3,STO,none,,STO,store X into a register (nn/stack/indirect),25; 14–16,,146–147,,hp/manuals/HP-41CX.pdf
HP-41CX,,3,STO,f,gold,LBL,define a program label,25; 14–16,,146–147,,hp/manuals/HP-41CX.pdf
HP-41CX,,3,STO,alpha,,L,,25; 14–16,,146–147,,hp/manuals/HP-41CX.pdf
HP-41CX,,3,RCL,none,,RCL,recall a register into X,25; 14–16,,146–147,,hp/manuals/HP-41CX.pdf
HP-41CX,,3,RCL,f,gold,GTO,branch to a label (nn/name/indirect),25; 14–16,,146–147,,hp/manuals/HP-41CX.pdf
HP-41CX,,3,RCL,alpha,,M,,25; 14–16,,146–147,,hp/manuals/HP-41CX.pdf
HP-41CX,,3,SST,none,,SST,single-step through a program,25; 14–16,,146–147,,hp/manuals/HP-41CX.pdf
HP-41CX,,3,SST,f,gold,BST,back-step through a program,25; 14–16,,146–147,,hp/manuals/HP-41CX.pdf
HP-41CX,,4,ENTER↑,none,,ENTER↑,copy X into Y and lift the stack,25; 14–16,,146–147,,hp/manuals/HP-41CX.pdf
HP-41CX,,4,ENTER↑,f,gold,CATALOG,,25; 14–16,,146–147,,hp/manuals/HP-41CX.pdf
HP-41CX,,4,ENTER↑,alpha,,N,,25; 14–16,,146–147,,hp/manuals/HP-41CX.pdf
HP-41CX,,4,CHS,none,,CHS,change sign of X,25; 14–16,,146–147,,hp/manuals/HP-41CX.pdf
HP-41CX,,4,CHS,f,gold,ISG,"increment counter, skip if greater",25; 14–16,,146–147,,hp/manuals/HP-41CX.pdf
HP-41CX,,4,CHS,alpha,,O,,25; 14–16,,146–147,,hp/manuals/HP-41CX.pdf
HP-41CX,,4,EEX,none,,EEX,enter an exponent,25; 14–16,,146–147,,hp/manuals/HP-41CX.pdf
HP-41CX,,4,EEX,f,gold,RTN,return from a subroutine,25; 14–16,,146–147,,hp/manuals/HP-41CX.pdf
HP-41CX,,4,EEX,alpha,,P,,25; 14–16,,146–147,,hp/manuals/HP-41CX.pdf
HP-41CX,,4,←,none,,←,,25; 14–16,,146–147,,hp/manuals/HP-41CX.pdf
HP-41CX,,4,←,f,gold,CL x/A,,25; 14–16,,146–147,,hp/manuals/HP-41CX.pdf
HP-41CX,,5,−,none,,−,subtract X from Y,25; 14–16,,146–147,,hp/manuals/HP-41CX.pdf
HP-41CX,,5,−,f,gold,x=y?,skip next line unless X = Y,25; 14–16,,146–147,,hp/manuals/HP-41CX.pdf
HP-41CX,,5,−,alpha,,Q,,25; 14–16,,146–147,,hp/manuals/HP-41CX.pdf
HP-41CX,,5,7,none,,7,digit 7,25; 14–16,,146–147,,hp/manuals/HP-41CX.pdf
HP-41CX,,5,7,f,gold,SF,set a flag (nn/indirect),25; 14–16,,146–147,,hp/manuals/HP-41CX.pdf
HP-41CX,,5,7,alpha,,R,,25; 14–16,,146–147,,hp/manuals/HP-41CX.pdf
HP-41CX,,5,8,none,,8,digit 8,25; 14–16,,146–147,,hp/manuals/HP-41CX.pdf
HP-41CX,,5,8,f,gold,CF,clear a flag (nn/indirect),25; 14–16,,146–147,,hp/manuals/HP-41CX.pdf
HP-41CX,,5,8,alpha,,S,,25; 14–16,,146–147,,hp/manuals/HP-41CX.pdf
HP-41CX,,5,9,none,,9,digit 9,25; 14–16,,146–147,,hp/manuals/HP-41CX.pdf
HP-41CX,,5,9,f,gold,FS?,test whether a flag is set,25; 14–16,,146–147,,hp/manuals/HP-41CX.pdf
HP-41CX,,5,9,alpha,,T,,25; 14–16,,146–147,,hp/manuals/HP-41CX.pdf
HP-41CX,,6,+,none,,+,add Y and X,25; 14–16,,146–147,,hp/manuals/HP-41CX.pdf
HP-41CX,,6,+,f,gold,x≤y?,skip next line unless X ≤ Y,25; 14–16,,146–147,,hp/manuals/HP-41CX.pdf
HP-41CX,,6,+,alpha,,U,,25; 14–16,,146–147,,hp/manuals/HP-41CX.pdf
HP-41CX,,6,4,none,,4,digit 4,25; 14–16,,146–147,,hp/manuals/HP-41CX.pdf
HP-41CX,,6,4,f,gold,BEEP,sound the standard beep,25; 14–16,,146–147,,hp/manuals/HP-41CX.pdf
HP-41CX,,6,4,alpha,,V,,25; 14–16,,146–147,,hp/manuals/HP-41CX.pdf
HP-41CX,,6,5,none,,5,digit 5,25; 14–16,,146–147,,hp/manuals/HP-41CX.pdf
HP-41CX,,6,5,f,gold,P→R,,25; 14–16,,146–147,,hp/manuals/HP-41CX.pdf
HP-41CX,,6,5,alpha,,W,,25; 14–16,,146–147,,hp/manuals/HP-41CX.pdf
HP-41CX,,6,6,none,,6,digit 6,25; 14–16,,146–147,,hp/manuals/HP-41CX.pdf
HP-41CX,,6,6,f,gold,R→P,,25; 14–16,,146–147,,hp/manuals/HP-41CX.pdf
HP-41CX,,6,6,alpha,,X,exchange X with a register (nn/indirect),25; 14–16,,146–147,,hp/manuals/HP-41CX.pdf
HP-41CX,,7,×,none,,×,multiply Y by X,25; 14–16,,146–147,,hp/manuals/HP-41CX.pdf
HP-41CX,,7,×,f,gold,x>y?,skip next line unless X > Y,25; 14–16,,146–147,,hp/manuals/HP-41CX.pdf
HP-41CX,,7,×,alpha,,Y,,25; 14–16,,146–147,,hp/manuals/HP-41CX.pdf
HP-41CX,,7,1,none,,1,digit 1,25; 14–16,,146–147,,hp/manuals/HP-41CX.pdf
HP-41CX,,7,1,f,gold,FIX,fixed-point display with n decimals,25; 14–16,,146–147,,hp/manuals/HP-41CX.pdf
HP-41CX,,7,1,alpha,,Z,,25; 14–16,,146–147,,hp/manuals/HP-41CX.pdf
HP-41CX,,7,2,none,,2,digit 2,25; 14–16,,146–147,,hp/manuals/HP-41CX.pdf
HP-41CX,,7,2,f,gold,SCI,scientific notation with n digits,25; 14–16,,146–147,,hp/manuals/HP-41CX.pdf
HP-41CX,,7,2,alpha,,=,,25; 14–16,,146–147,,hp/manuals/HP-41CX.pdf
HP-41CX,,7,3,none,,3,digit 3,25; 14–16,,146–147,,hp/manuals/HP-41CX.pdf
HP-41CX,,7,3,f,gold,ENG,engineering notation with n digits,25; 14–16,,146–147,,hp/manuals/HP-41CX.pdf
HP-41CX,,7,3,alpha,,?,,25; 14–16,,146–147,,hp/manuals/HP-41CX.pdf
HP-41CX,,8,÷,none,,÷,divide Y by X,25; 14–16,,146–147,,hp/manuals/HP-41CX.pdf
HP-41CX,,8,÷,f,gold,x=0?,skip next line unless X = 0,25; 14–16,,146–147,,hp/manuals/HP-41CX.pdf
HP-41CX,,8,÷,alpha,,:,,25; 14–16,,146–147,,hp/manuals/HP-41CX.pdf
HP-41CX,,8,0,none,,0,digit 0,25; 14–16,,146–147,,hp/manuals/HP-41CX.pdf
HP-41CX,,8,0,f,gold,π,enter the constant pi,25; 14–16,,146–147,,hp/manuals/HP-41CX.pdf
HP-41CX,,8,0,alpha,,SPACE,,25; 14–16,,146–147,,hp/manuals/HP-41CX.pdf
HP-41CX,,8,•,none,,•,,25; 14–16,,146–147,,hp/manuals/HP-41CX.pdf
HP-41CX,,8,•,f,gold,LASTx,recall the LAST X value,25; 14–16,,146–147,,hp/manuals/HP-41CX.pdf
HP-41CX,,8,•,alpha,,",",decimal point,25; 14–16,,146–147,,hp/manuals/HP-41CX.pdf
HP-41CX,,8,R/S,none,,R/S,run or stop a program,25; 14–16,,146–147,,hp/manuals/HP-41CX.pdf
HP-41CX,,8,R/S,f,gold,VIEW,display a register's contents,25; 14–16,,146–147,,hp/manuals/HP-41CX.pdf
HP-11C,,1,√x,none,,√x,square root of x,8; 20–21,,245–250,,hp/manuals/HP-11C.pdf
HP-11C,,1,√x,f,gold,A,,8; 20–21,,245–250,,hp/manuals/HP-11C.pdf
HP-11C,,1,√x,g,blue,x²,square of x,8; 20–21,,245–250,,hp/manuals/HP-11C.pdf
HP-11C,,1,eˣ,none,,eˣ,"natural antilog, e raised to x",8; 20–21,,245–250,,hp/manuals/HP-11C.pdf
HP-11C,,1,eˣ,f,gold,B,,8; 20–21,,245–250,,hp/manuals/HP-11C.pdf
HP-11C,,1,eˣ,g,blue,LN,natural logarithm of x,8; 20–21,,245–250,,hp/manuals/HP-11C.pdf
HP-11C,,1,10ˣ,none,,10ˣ,"common antilog, 10 raised to x",8; 20–21,,245–250,,hp/manuals/HP-11C.pdf
HP-11C,,1,10ˣ,f,gold,C,,8; 20–21,,245–250,,hp/manuals/HP-11C.pdf
HP-11C,,1,10ˣ,g,blue,LOG,common (base 10) logarithm of x,8; 20–21,,245–250,,hp/manuals/HP-11C.pdf
HP-11C,,1,yˣ,none,,yˣ,raise Y to power of x,8; 20–21,,245–250,,hp/manuals/HP-11C.pdf
HP-11C,,1,yˣ,f,gold,D,,8; 20–21,,245–250,,hp/manuals/HP-11C.pdf
HP-11C,,1,yˣ,g,blue,%,x percent of value in Y,8; 20–21,,245–250,,hp/manuals/HP-11C.pdf
HP-11C,,1,1/x,none,,1/x,reciprocal of x,8; 20–21,,245–250,,hp/manuals/HP-11C.pdf
HP-11C,,1,1/x,f,gold,E,,8; 20–21,,245–250,,hp/manuals/HP-11C.pdf
HP-11C,,1,1/x,g,blue,Δ%,percent change from Y to X,8; 20–21,,245–250,,hp/manuals/HP-11C.pdf
HP-11C,,1,CHS,none,,CHS,change sign of number or exponent,8; 20–21,,245–250,,hp/manuals/HP-11C.pdf
HP-11C,,1,CHS,f,gold,π,enter pi (3.141592654) into X,8; 20–21,,245–250,,hp/manuals/HP-11C.pdf
HP-11C,,1,CHS,g,blue,ABS,absolute value of x,8; 20–21,,245–250,,hp/manuals/HP-11C.pdf
HP-11C,,1,7,none,,7,digit 7,8; 20–21,,245–250,,hp/manuals/HP-11C.pdf
HP-11C,,1,7,f,gold,FIX,fixed-point display mode,8; 20–21,,245–250,,hp/manuals/HP-11C.pdf
HP-11C,,1,7,g,blue,DEG,decimal degrees angular mode,8; 20–21,,245–250,,hp/manuals/HP-11C.pdf
HP-11C,,1,8,none,,8,digit 8,8; 20–21,,245–250,,hp/manuals/HP-11C.pdf
HP-11C,,1,8,f,gold,SCI,scientific notation display mode,8; 20–21,,245–250,,hp/manuals/HP-11C.pdf
HP-11C,,1,8,g,blue,RAD,radians angular mode,8; 20–21,,245–250,,hp/manuals/HP-11C.pdf
HP-11C,,1,9,none,,9,digit 9,8; 20–21,,245–250,,hp/manuals/HP-11C.pdf
HP-11C,,1,9,f,gold,ENG,engineering notation display mode,8; 20–21,,245–250,,hp/manuals/HP-11C.pdf
HP-11C,,1,9,g,blue,GRD,grads angular mode,8; 20–21,,245–250,,hp/manuals/HP-11C.pdf
HP-11C,,1,÷,none,,÷,divide,8; 20–21,,245–250,,hp/manuals/HP-11C.pdf
HP-11C,,1,÷,f,gold,x≤y,conditional test x ≤ y,8; 20–21,,245–250,,hp/manuals/HP-11C.pdf
HP-11C,,1,÷,g,blue,x<0,conditional test x < 0,8; 20–21,,245–250,,hp/manuals/HP-11C.pdf
HP-11C,,2,SST,none,,SST,single-step forward through program,8; 20–21,,245–250,,hp/manuals/HP-11C.pdf
HP-11C,,2,SST,f,gold,LBL,define label for routine start,8; 20–21,,245–250,,hp/manuals/HP-11C.pdf
HP-11C,,2,SST,g,blue,BST,back-step through program,8; 20–21,,245–250,,hp/manuals/HP-11C.pdf
HP-11C,,2,GTO,none,,GTO,go to label or line number,8; 20–21,,245–250,,hp/manuals/HP-11C.pdf
HP-11C,,2,GTO,f,gold,HYP,prefix for hyperbolic sin/cos/tan,8; 20–21,,245–250,,hp/manuals/HP-11C.pdf
HP-11C,,2,GTO,g,blue,HYP⁻¹,prefix for inverse hyperbolic sin/cos/tan,8; 20–21,,245–250,,hp/manuals/HP-11C.pdf
HP-11C,,2,SIN,none,,SIN,sine of x,8; 20–21,,245–250,,hp/manuals/HP-11C.pdf
HP-11C,,2,SIN,f,gold,x⇄(i),swap X with register addressed by I,8; 20–21,,245–250,,hp/manuals/HP-11C.pdf
HP-11C,,2,SIN,g,blue,SIN⁻¹,arc sine of x,8; 20–21,,245–250,,hp/manuals/HP-11C.pdf
HP-11C,,2,COS,none,,COS,cosine of x,8; 20–21,,245–250,,hp/manuals/HP-11C.pdf
HP-11C,,2,COS,f,gold,(i),indirect operation via register I,8; 20–21,,245–250,,hp/manuals/HP-11C.pdf
HP-11C,,2,COS,g,blue,COS⁻¹,arc cosine of x,8; 20–21,,245–250,,hp/manuals/HP-11C.pdf
HP-11C,,2,TAN,none,,TAN,tangent of x,8; 20–21,,245–250,,hp/manuals/HP-11C.pdf
HP-11C,,2,TAN,f,gold,I,index register (R sub I),8; 20–21,,245–250,,hp/manuals/HP-11C.pdf
HP-11C,,2,TAN,g,blue,TAN⁻¹,arc tangent of x,8; 20–21,,245–250,,hp/manuals/HP-11C.pdf
HP-11C,,2,EEX,none,,EEX,enter exponent of ten,8; 20–21,,245–250,,hp/manuals/HP-11C.pdf
HP-11C,,2,EEX,f,gold,→R,"polar (r, θ) to rectangular (x, y)",8; 20–21,,245–250,,hp/manuals/HP-11C.pdf
HP-11C,,2,EEX,g,blue,→P,"rectangular (x, y) to polar (r, θ)",8; 20–21,,245–250,,hp/manuals/HP-11C.pdf
HP-11C,,2,4,none,,4,digit 4,8; 20–21,,245–250,,hp/manuals/HP-11C.pdf
HP-11C,,2,4,f,gold,x⇄I,swap X with index register I,8; 20–21,,245–250,,hp/manuals/HP-11C.pdf
HP-11C,,2,4,g,blue,SF,set flag (0 or 1),8; 20–21,,245–250,,hp/manuals/HP-11C.pdf
HP-11C,,2,5,none,,5,digit 5,8; 20–21,,245–250,,hp/manuals/HP-11C.pdf
HP-11C,,2,5,f,gold,DSE,"decrement counter, skip if ≤ test value",8; 20–21,,245–250,,hp/manuals/HP-11C.pdf
HP-11C,,2,5,g,blue,CF,clear flag (0 or 1),8; 20–21,,245–250,,hp/manuals/HP-11C.pdf
HP-11C,,2,6,none,,6,digit 6,8; 20–21,,245–250,,hp/manuals/HP-11C.pdf
HP-11C,,2,6,f,gold,ISG,"increment counter, skip if > test value",8; 20–21,,245–250,,hp/manuals/HP-11C.pdf
HP-11C,,2,6,g,blue,F?,test whether flag is set,8; 20–21,,245–250,,hp/manuals/HP-11C.pdf
HP-11C,,2,×,none,,×,multiply,8; 20–21,,245–250,,hp/manuals/HP-11C.pdf
HP-11C,,2,×,f,gold,x>y,conditional test x > y,8; 20–21,,245–250,,hp/manuals/HP-11C.pdf
HP-11C,,2,×,g,blue,x>0,conditional test x > 0,8; 20–21,,245–250,,hp/manuals/HP-11C.pdf
HP-11C,,3,R/S,none,,R/S,run / stop program,8; 20–21,,245–250,,hp/manuals/HP-11C.pdf
HP-11C,,3,R/S,f,gold,PSE,pause about one second to show X,8; 20–21,,245–250,,hp/manuals/HP-11C.pdf
HP-11C,,3,R/S,g,blue,P/R,toggle Program / Run mode,8; 20–21,,245–250,,hp/manuals/HP-11C.pdf
HP-11C,,3,GSB,none,,GSB,call subroutine at label,8; 20–21,,245–250,,hp/manuals/HP-11C.pdf
HP-11C,,3,GSB,f,gold,Σ,,8; 20–21,,245–250,,hp/manuals/HP-11C.pdf
HP-11C,,3,GSB,g,blue,RTN,return from subroutine / to line 000,8; 20–21,,245–250,,hp/manuals/HP-11C.pdf
HP-11C,,3,R↓,none,,R↓,roll stack down,8; 20–21,,245–250,,hp/manuals/HP-11C.pdf
HP-11C,,3,R↓,f,gold,PRGM,,8; 20–21,,245–250,,hp/manuals/HP-11C.pdf
HP-11C,,3,R↓,g,blue,R↑,roll stack up,8; 20–21,,245–250,,hp/manuals/HP-11C.pdf
HP-11C,,3,x⇄y,none,,x⇄y,swap X and Y registers,8; 20–21,,245–250,,hp/manuals/HP-11C.pdf
HP-11C,,3,x⇄y,f,gold,REG,,8; 20–21,,245–250,,hp/manuals/HP-11C.pdf
HP-11C,,3,x⇄y,g,blue,RND,round mantissa to current display setting,8; 20–21,,245–250,,hp/manuals/HP-11C.pdf
HP-11C,,3,← (backspace),none,,← (backspace),,8; 20–21,,245–250,,hp/manuals/HP-11C.pdf
HP-11C,,3,← (backspace),f,gold,PREFIX,,8; 20–21,,245–250,,hp/manuals/HP-11C.pdf
HP-11C,,3,← (backspace),g,blue,CLx,clear X register to zero,8; 20–21,,245–250,,hp/manuals/HP-11C.pdf
HP-11C,,3,ENTER,none,,ENTER,copy X into Y to separate number entries,8; 20–21,,245–250,,hp/manuals/HP-11C.pdf
HP-11C,,3,ENTER,f,gold,RAN#,pseudo-random number generator,8; 20–21,,245–250,,hp/manuals/HP-11C.pdf
HP-11C,,3,ENTER,g,blue,LSTx,recall value from before last operation,8; 20–21,,245–250,,hp/manuals/HP-11C.pdf
HP-11C,,3,1,none,,1,digit 1,8; 20–21,,245–250,,hp/manuals/HP-11C.pdf
HP-11C,,3,1,f,gold,"Py,x",permutations of y items taken x at a time,8; 20–21,,245–250,,hp/manuals/HP-11C.pdf
HP-11C,,3,1,g,blue,"Cy,x",combinations of y items taken x at a time,8; 20–21,,245–250,,hp/manuals/HP-11C.pdf
HP-11C,,3,2,none,,2,digit 2,8; 20–21,,245–250,,hp/manuals/HP-11C.pdf
HP-11C,,3,2,f,gold,→H.MS,decimal hours/degrees to hrs-min-sec,8; 20–21,,245–250,,hp/manuals/HP-11C.pdf
HP-11C,,3,2,g,blue,→H,hrs-min-sec to decimal hours/degrees,8; 20–21,,245–250,,hp/manuals/HP-11C.pdf
HP-11C,,3,3,none,,3,digit 3,8; 20–21,,245–250,,hp/manuals/HP-11C.pdf
HP-11C,,3,3,f,gold,→RAD,degrees to radians,8; 20–21,,245–250,,hp/manuals/HP-11C.pdf
HP-11C,,3,3,g,blue,→DEG,radians to degrees,8; 20–21,,245–250,,hp/manuals/HP-11C.pdf
HP-11C,,3,−,none,,−,subtract,8; 20–21,,245–250,,hp/manuals/HP-11C.pdf
HP-11C,,3,−,f,gold,x≠y,conditional test x ≠ y,8; 20–21,,245–250,,hp/manuals/HP-11C.pdf
HP-11C,,3,−,g,blue,x≠0,conditional test x ≠ 0,8; 20–21,,245–250,,hp/manuals/HP-11C.pdf
HP-11C,,4,ON,none,,ON,turn display on / off,8; 20–21,,245–250,,hp/manuals/HP-11C.pdf
HP-11C,,4,f,none,,f,"gold prefix, selects function above key",8; 20–21,,245–250,,hp/manuals/HP-11C.pdf
HP-11C,,4,g,none,,g,"blue prefix, selects function on key face",8; 20–21,,245–250,,hp/manuals/HP-11C.pdf
HP-11C,,4,STO,none,,STO,store X into a register (with arithmetic),8; 20–21,,245–250,,hp/manuals/HP-11C.pdf
HP-11C,,4,STO,f,gold,FRAC,"keep fractional part, truncate integer",8; 20–21,,245–250,,hp/manuals/HP-11C.pdf
HP-11C,,4,STO,g,blue,INT,"keep integer part, truncate fraction",8; 20–21,,245–250,,hp/manuals/HP-11C.pdf
HP-11C,,4,RCL,none,,RCL,recall a register into X,8; 20–21,,245–250,,hp/manuals/HP-11C.pdf
HP-11C,,4,RCL,f,gold,USER,toggle User mode (swap primary/A–E keys),8; 20–21,,245–250,,hp/manuals/HP-11C.pdf
HP-11C,,4,RCL,g,blue,MEM,show program memory / register allocation,8; 20–21,,245–250,,hp/manuals/HP-11C.pdf
HP-11C,,4,ENTER (cont.),none,,ENTER (cont.),,8; 20–21,,245–250,,hp/manuals/HP-11C.pdf
HP-11C,,4,0,none,,0,digit 0,8; 20–21,,245–250,,hp/manuals/HP-11C.pdf
HP-11C,,4,0,f,gold,x!,factorial x! or gamma Γ(1+x),8; 20–21,,245–250,,hp/manuals/HP-11C.pdf
HP-11C,,4,0,g,blue,x̄,mean of accumulated x and y values,8; 20–21,,245–250,,hp/manuals/HP-11C.pdf
HP-11C,,4,•,none,,•,,8; 20–21,,245–250,,hp/manuals/HP-11C.pdf
HP-11C,,4,•,f,gold,"ŷ,r",linear estimate of y and correlation coefficient,8; 20–21,,245–250,,hp/manuals/HP-11C.pdf
HP-11C,,4,•,g,blue,s,sample standard deviation of x and y,8; 20–21,,245–250,,hp/manuals/HP-11C.pdf
HP-11C,,4,Σ+,none,,Σ+,"accumulate x,y data into statistics registers",8; 20–21,,245–250,,hp/manuals/HP-11C.pdf
HP-11C,,4,Σ+,f,gold,L.R.,linear regression: y-intercept and slope,8; 20–21,,245–250,,hp/manuals/HP-11C.pdf
HP-11C,,4,Σ+,g,blue,Σ−,"remove x,y data to correct accumulation",8; 20–21,,245–250,,hp/manuals/HP-11C.pdf
HP-11C,,4,+,none,,+,add,8; 20–21,,245–250,,hp/manuals/HP-11C.pdf
HP-11C,,4,+,f,gold,x=y,conditional test x = y,8; 20–21,,245–250,,hp/manuals/HP-11C.pdf
HP-11C,,4,+,g,blue,x=0,conditional test x = 0,8; 20–21,,245–250,,hp/manuals/HP-11C.pdf
HP-12C,,1,n,none,,n,store/compute number of compounding periods,16,251,231–237,,hp/manuals/HP-12C.pdf
HP-12C,,1,n,f,gold,AMORT,amortize x payments; updates PV and n,16,251,231–237,,hp/manuals/HP-12C.pdf
HP-12C,,1,n,g,blue,12×,multiply x by 12 and store into n,16,251,231–237,,hp/manuals/HP-12C.pdf
HP-12C,,1,i,none,,i,store/compute periodic interest rate,16,251,231–237,,hp/manuals/HP-12C.pdf
HP-12C,,1,i,f,gold,INT,simple interest calculation,16,251,231–237,,hp/manuals/HP-12C.pdf
HP-12C,,1,i,g,blue,12÷,divide x by 12 and store into i,16,251,231–237,,hp/manuals/HP-12C.pdf
HP-12C,,1,PV,none,,PV,store/compute present value (initial cash flow),16,251,231–237,,hp/manuals/HP-12C.pdf
HP-12C,,1,PV,f,gold,NPV,net present value of up to 20 uneven cash flows,16,251,231–237,,hp/manuals/HP-12C.pdf
HP-12C,,1,PV,g,blue,CFo,"store initial cash flow, reset n",16,251,231–237,,hp/manuals/HP-12C.pdf
HP-12C,,1,PMT,none,,PMT,store/compute payment amount,16,251,231–237,,hp/manuals/HP-12C.pdf
HP-12C,,1,PMT,f,gold,RND,round mantissa to current display setting,16,251,231–237,,hp/manuals/HP-12C.pdf
HP-12C,,1,PMT,g,blue,CFj,store a subsequent cash flow amount,16,251,231–237,,hp/manuals/HP-12C.pdf
HP-12C,,1,FV,none,,FV,store/compute future value (final cash flow),16,251,231–237,,hp/manuals/HP-12C.pdf
HP-12C,,1,FV,f,gold,IRR,internal rate of return (yield) on cash flows,16,251,231–237,,hp/manuals/HP-12C.pdf
HP-12C,,1,FV,g,blue,Nj,number of times a cash flow repeats (1–99),16,251,231–237,,hp/manuals/HP-12C.pdf
HP-12C,,1,CHS,none,,CHS,change sign of number or exponent,16,251,231–237,,hp/manuals/HP-12C.pdf
HP-12C,,1,CHS,g,blue,DATE,"date offset by days, with day of week",16,251,231–237,,hp/manuals/HP-12C.pdf
HP-12C,,1,7,none,,7,digit 7,16,251,231–237,,hp/manuals/HP-12C.pdf
HP-12C,,1,7,g,blue,BEG,set Begin payment mode,16,251,231–237,,hp/manuals/HP-12C.pdf
HP-12C,,1,8,none,,8,digit 8,16,251,231–237,,hp/manuals/HP-12C.pdf
HP-12C,,1,8,g,blue,END,set End payment mode,16,251,231–237,,hp/manuals/HP-12C.pdf
HP-12C,,1,9,none,,9,digit 9,16,251,231–237,,hp/manuals/HP-12C.pdf
HP-12C,,1,9,g,blue,MEM,memory map of program lines / data registers,16,251,231–237,,hp/manuals/HP-12C.pdf
HP-12C,,1,÷,none,,÷,divide,16,251,231–237,,hp/manuals/HP-12C.pdf
HP-12C,,2,yˣ,none,,yˣ,raise Y to power of x,16,251,231–237,,hp/manuals/HP-12C.pdf
HP-12C,,2,yˣ,f,gold,PRICE,bond price from desired yield to maturity,16,251,231–237,,hp/manuals/HP-12C.pdf
HP-12C,,2,yˣ,g,blue,√x,square root of x,16,251,231–237,,hp/manuals/HP-12C.pdf
HP-12C,,2,1/x,none,,1/x,reciprocal of x,16,251,231–237,,hp/manuals/HP-12C.pdf
HP-12C,,2,1/x,f,gold,YTM,yield to maturity from bond price,16,251,231–237,,hp/manuals/HP-12C.pdf
HP-12C,,2,1/x,g,blue,eˣ,"natural antilog, e raised to x",16,251,231–237,,hp/manuals/HP-12C.pdf
HP-12C,,2,%T,none,,%T,percent that x is of total in Y,16,251,231–237,,hp/manuals/HP-12C.pdf
HP-12C,,2,%T,f,gold,SL,straight-line depreciation,16,251,231–237,,hp/manuals/HP-12C.pdf
HP-12C,,2,%T,g,blue,LN,natural logarithm of x,16,251,231–237,,hp/manuals/HP-12C.pdf
HP-12C,,2,Δ%,none,,Δ%,percent change from Y to X,16,251,231–237,,hp/manuals/HP-12C.pdf
HP-12C,,2,Δ%,f,gold,SOYD,sum-of-the-years-digits depreciation,16,251,231–237,,hp/manuals/HP-12C.pdf
HP-12C,,2,Δ%,g,blue,FRAC,"keep fractional part, truncate integer",16,251,231–237,,hp/manuals/HP-12C.pdf
HP-12C,,2,%,none,,%,"x percent of y, retaining y",16,251,231–237,,hp/manuals/HP-12C.pdf
HP-12C,,2,%,f,gold,DB,declining-balance depreciation,16,251,231–237,,hp/manuals/HP-12C.pdf
HP-12C,,2,%,g,blue,INTG,"keep integer part, truncate fraction",16,251,231–237,,hp/manuals/HP-12C.pdf
HP-12C,,2,EEX,none,,EEX,enter exponent of ten,16,251,231–237,,hp/manuals/HP-12C.pdf
HP-12C,,2,EEX,g,blue,ΔDYS,number of days between two dates,16,251,231–237,,hp/manuals/HP-12C.pdf
HP-12C,,2,4,none,,4,digit 4,16,251,231–237,,hp/manuals/HP-12C.pdf
HP-12C,,2,4,g,blue,D.MY,set day-month-year date format,16,251,231–237,,hp/manuals/HP-12C.pdf
HP-12C,,2,5,none,,5,digit 5,16,251,231–237,,hp/manuals/HP-12C.pdf
HP-12C,,2,5,g,blue,M.DY,set month-day-year date format,16,251,231–237,,hp/manuals/HP-12C.pdf
HP-12C,,2,6,none,,6,digit 6,16,251,231–237,,hp/manuals/HP-12C.pdf
HP-12C,,2,6,g,blue,x̄w,weighted mean of y (item) and x (weight),16,251,231–237,,hp/manuals/HP-12C.pdf
HP-12C,,2,×,none,,×,multiply,16,251,231–237,,hp/manuals/HP-12C.pdf
HP-12C,,3,R/S,none,,R/S,run / stop program,16,251,231–237,,hp/manuals/HP-12C.pdf
HP-12C,,3,R/S,f,gold,P/R,toggle Program / Run mode,16,251,231–237,,hp/manuals/HP-12C.pdf
HP-12C,,3,R/S,g,blue,PSE,pause about one second to show X,16,251,231–237,,hp/manuals/HP-12C.pdf
HP-12C,,3,SST,none,,SST,single-step forward through program,16,251,231–237,,hp/manuals/HP-12C.pdf
HP-12C,,3,SST,f,gold,Σ,,16,251,231–237,,hp/manuals/HP-12C.pdf
HP-12C,,3,SST,g,blue,BST,back-step through program,16,251,231–237,,hp/manuals/HP-12C.pdf
HP-12C,,3,R↓,none,,R↓,roll stack down,16,251,231–237,,hp/manuals/HP-12C.pdf
HP-12C,,3,R↓,f,gold,PRGM,,16,251,231–237,,hp/manuals/HP-12C.pdf
HP-12C,,3,R↓,g,blue,GTO,go to a program line number,16,251,231–237,,hp/manuals/HP-12C.pdf
HP-12C,,3,x⇄y,none,,x⇄y,swap X and Y registers,16,251,231–237,,hp/manuals/HP-12C.pdf
HP-12C,,3,x⇄y,f,gold,FIN,,16,251,231–237,,hp/manuals/HP-12C.pdf
HP-12C,,3,x⇄y,g,blue,x≤y,conditional test x ≤ y,16,251,231–237,,hp/manuals/HP-12C.pdf
HP-12C,,3,CLx,none,,CLx,clear X register to zero,16,251,231–237,,hp/manuals/HP-12C.pdf
HP-12C,,3,CLx,f,gold,REG,,16,251,231–237,,hp/manuals/HP-12C.pdf
HP-12C,,3,CLx,g,blue,x=0,conditional test x = 0,16,251,231–237,,hp/manuals/HP-12C.pdf
HP-12C,,3,ENTER,none,,ENTER,copy X into Y to separate number entries,16,251,231–237,,hp/manuals/HP-12C.pdf
HP-12C,,3,ENTER,f,gold,PREFIX,,16,251,231–237,,hp/manuals/HP-12C.pdf
HP-12C,,3,ENTER,g,blue,LSTx,recall value from before last operation,16,251,231–237,,hp/manuals/HP-12C.pdf
HP-12C,,3,1,none,,1,digit 1,16,251,231–237,,hp/manuals/HP-12C.pdf
HP-12C,,3,1,g,blue,"x̂,r",linear estimate of x and correlation coefficient,16,251,231–237,,hp/manuals/HP-12C.pdf
HP-12C,,3,2,none,,2,digit 2,16,251,231–237,,hp/manuals/HP-12C.pdf
HP-12C,,3,2,g,blue,"ŷ,r",linear estimate of y and correlation coefficient,16,251,231–237,,hp/manuals/HP-12C.pdf
HP-12C,,3,3,none,,3,digit 3,16,251,231–237,,hp/manuals/HP-12C.pdf
HP-12C,,3,3,g,blue,n!,factorial of x,16,251,231–237,,hp/manuals/HP-12C.pdf
HP-12C,,3,−,none,,−,subtract,16,251,231–237,,hp/manuals/HP-12C.pdf
HP-12C,,4,ON,none,,ON,turn calculator on / off,16,251,231–237,,hp/manuals/HP-12C.pdf
HP-12C,,4,f,none,,f,"gold prefix, selects function above key",16,251,231–237,,hp/manuals/HP-12C.pdf
HP-12C,,4,g,none,,g,"blue prefix, selects function on key face",16,251,231–237,,hp/manuals/HP-12C.pdf
HP-12C,,4,STO,none,,STO,store X into a register (with arithmetic),16,251,231–237,,hp/manuals/HP-12C.pdf
HP-12C,,4,RCL,none,,RCL,recall a register into X,16,251,231–237,,hp/manuals/HP-12C.pdf
HP-12C,,4,ENTER (cont.),none,,ENTER (cont.),,16,251,231–237,,hp/manuals/HP-12C.pdf
HP-12C,,4,0,none,,0,digit 0,16,251,231–237,,hp/manuals/HP-12C.pdf
HP-12C,,4,0,g,blue,x̄,mean of x and y values,16,251,231–237,,hp/manuals/HP-12C.pdf
HP-12C,,4,•,none,,•,,16,251,231–237,,hp/manuals/HP-12C.pdf
HP-12C,,4,•,g,blue,s,sample standard deviation of x and y,16,251,231–237,,hp/manuals/HP-12C.pdf
HP-12C,,4,Σ+,none,,Σ+,"accumulate x,y data into statistics registers",16,251,231–237,,hp/manuals/HP-12C.pdf
HP-12C,,4,Σ+,g,blue,Σ−,"remove x,y data to correct accumulation",16,251,231–237,,hp/manuals/HP-12C.pdf
HP-12C,,4,+,none,,+,add,16,251,231–237,,hp/manuals/HP-12C.pdf
HP-15C,,1,√x,none,,√x,square root of x,272–280,299,272–278; 278–280,,hp/manuals/HP-15C.pdf
HP-15C,,1,√x,f,gold,A,,272–280,299,272–278; 278–280,,hp/manuals/HP-15C.pdf
HP-15C,,1,√x,g,blue,x²,square of x,272–280,299,272–278; 278–280,,hp/manuals/HP-15C.pdf
HP-15C,,1,eˣ,none,,eˣ,"natural antilog, e raised to x",272–280,299,272–278; 278–280,,hp/manuals/HP-15C.pdf
HP-15C,,1,eˣ,f,gold,B,,272–280,299,272–278; 278–280,,hp/manuals/HP-15C.pdf
HP-15C,,1,eˣ,g,blue,LN,natural logarithm of x,272–280,299,272–278; 278–280,,hp/manuals/HP-15C.pdf
HP-15C,,1,10ˣ,none,,10ˣ,"common antilog, 10 raised to x",272–280,299,272–278; 278–280,,hp/manuals/HP-15C.pdf
HP-15C,,1,10ˣ,f,gold,C,,272–280,299,272–278; 278–280,,hp/manuals/HP-15C.pdf
HP-15C,,1,10ˣ,g,blue,LOG,common (base-10) logarithm of x,272–280,299,272–278; 278–280,,hp/manuals/HP-15C.pdf
HP-15C,,1,yˣ,none,,yˣ,raise y to the power x,272–280,299,272–278; 278–280,,hp/manuals/HP-15C.pdf
HP-15C,,1,yˣ,f,gold,D,,272–280,299,272–278; 278–280,,hp/manuals/HP-15C.pdf
HP-15C,,1,yˣ,g,blue,%,x percent of the value in Y,272–280,299,272–278; 278–280,,hp/manuals/HP-15C.pdf
HP-15C,,1,1/x,none,,1/x,reciprocal of x,272–280,299,272–278; 278–280,,hp/manuals/HP-15C.pdf
HP-15C,,1,1/x,f,gold,E,,272–280,299,272–278; 278–280,,hp/manuals/HP-15C.pdf
HP-15C,,1,1/x,g,blue,Δ%,percent change from Y to X,272–280,299,272–278; 278–280,,hp/manuals/HP-15C.pdf
HP-15C,,1,CHS,none,,CHS,change sign of number or exponent,272–280,299,272–278; 278–280,,hp/manuals/HP-15C.pdf
HP-15C,,1,CHS,f,gold,MATRIX,prefix for matrix operations (MATRIX 0–9),272–280,299,272–278; 278–280,,hp/manuals/HP-15C.pdf
HP-15C,,1,CHS,g,blue,ABS,absolute value of x,272–280,299,272–278; 278–280,,hp/manuals/HP-15C.pdf
HP-15C,,1,7,none,,7,digit 7,272–280,299,272–278; 278–280,,hp/manuals/HP-15C.pdf
HP-15C,,1,7,f,gold,FIX,fixed-point display mode,272–280,299,272–278; 278–280,,hp/manuals/HP-15C.pdf
HP-15C,,1,7,g,blue,DEG,set Degrees angular mode,272–280,299,272–278; 278–280,,hp/manuals/HP-15C.pdf
HP-15C,,1,8,none,,8,digit 8,272–280,299,272–278; 278–280,,hp/manuals/HP-15C.pdf
HP-15C,,1,8,f,gold,SCI,scientific-notation display mode,272–280,299,272–278; 278–280,,hp/manuals/HP-15C.pdf
HP-15C,,1,8,g,blue,RAD,set Radians angular mode,272–280,299,272–278; 278–280,,hp/manuals/HP-15C.pdf
HP-15C,,1,9,none,,9,digit 9,272–280,299,272–278; 278–280,,hp/manuals/HP-15C.pdf
HP-15C,,1,9,f,gold,ENG,engineering-notation display mode,272–280,299,272–278; 278–280,,hp/manuals/HP-15C.pdf
HP-15C,,1,9,g,blue,GRD,set Grads angular mode,272–280,299,272–278; 278–280,,hp/manuals/HP-15C.pdf
HP-15C,,1,÷,none,,÷,divide y by x,272–280,299,272–278; 278–280,,hp/manuals/HP-15C.pdf
HP-15C,,1,÷,f,gold,SOLVE,find a real root of a labeled function f(x),272–280,299,272–278; 278–280,,hp/manuals/HP-15C.pdf
HP-15C,,1,÷,g,blue,x≤y,conditional test x ≤ y,272–280,299,272–278; 278–280,,hp/manuals/HP-15C.pdf
HP-15C,,2,SST,none,,SST,single-step forward through program lines,272–280,299,272–278; 278–280,,hp/manuals/HP-15C.pdf
HP-15C,,2,SST,f,gold,LBL,mark the start of a program routine,272–280,299,272–278; 278–280,,hp/manuals/HP-15C.pdf
HP-15C,,2,SST,g,blue,BST,back-step through program lines,272–280,299,272–278; 278–280,,hp/manuals/HP-15C.pdf
HP-15C,,2,GTO,none,,GTO,go to a label or the position it marks,272–280,299,272–278; 278–280,,hp/manuals/HP-15C.pdf
HP-15C,,2,GTO,f,gold,HYP,prefix for hyperbolic SIN/COS/TAN,272–280,299,272–278; 278–280,,hp/manuals/HP-15C.pdf
HP-15C,,2,GTO,g,blue,HYP⁻¹,prefix for inverse hyperbolic SIN/COS/TAN,272–280,299,272–278; 278–280,,hp/manuals/HP-15C.pdf
HP-15C,,2,SIN,none,,SIN,sine of x,272–280,299,272–278; 278–280,,hp/manuals/HP-15C.pdf
HP-15C,,2,SIN,f,gold,DIM,"dimension a named matrix (A–E, or via I)",272–280,299,272–278; 278–280,,hp/manuals/HP-15C.pdf
HP-15C,,2,SIN,g,blue,SIN⁻¹,arc sine of x,272–280,299,272–278; 278–280,,hp/manuals/HP-15C.pdf
HP-15C,,2,COS,none,,COS,cosine of x,272–280,299,272–278; 278–280,,hp/manuals/HP-15C.pdf
HP-15C,,2,COS,f,gold,(i),show imaginary X-register while key is held,272–280,299,272–278; 278–280,,hp/manuals/HP-15C.pdf
HP-15C,,2,COS,g,blue,COS⁻¹,arc cosine of x,272–280,299,272–278; 278–280,,hp/manuals/HP-15C.pdf
HP-15C,,2,TAN,none,,TAN,tangent of x,272–280,299,272–278; 278–280,,hp/manuals/HP-15C.pdf
HP-15C,,2,TAN,f,gold,I,enter complex numbers; activate Complex mode,272–280,299,272–278; 278–280,,hp/manuals/HP-15C.pdf
HP-15C,,2,TAN,g,blue,TAN⁻¹,arc tangent of x,272–280,299,272–278; 278–280,,hp/manuals/HP-15C.pdf
HP-15C,,2,EEX,none,,EEX,enter a power-of-ten exponent,272–280,299,272–278; 278–280,,hp/manuals/HP-15C.pdf
HP-15C,,2,EEX,f,gold,RESULT,designate the result matrix for operations,272–280,299,272–278; 278–280,,hp/manuals/HP-15C.pdf
HP-15C,,2,EEX,g,blue,π,place value of pi in X,272–280,299,272–278; 278–280,,hp/manuals/HP-15C.pdf
HP-15C,,2,4,none,,4,digit 4,272–280,299,272–278; 278–280,,hp/manuals/HP-15C.pdf
HP-15C,,2,4,f,gold,x≷,exchange X with any named storage register,272–280,299,272–278; 278–280,,hp/manuals/HP-15C.pdf
HP-15C,,2,4,g,blue,SF,set a designated flag (0–9),272–280,299,272–278; 278–280,,hp/manuals/HP-15C.pdf
HP-15C,,2,5,none,,5,digit 5,272–280,299,272–278; 278–280,,hp/manuals/HP-15C.pdf
HP-15C,,2,5,f,gold,DSE,"decrement counter, skip if ≤ test value",272–280,299,272–278; 278–280,,hp/manuals/HP-15C.pdf
HP-15C,,2,5,g,blue,CF,clear a designated flag (0–9),272–280,299,272–278; 278–280,,hp/manuals/HP-15C.pdf
HP-15C,,2,6,none,,6,digit 6,272–280,299,272–278; 278–280,,hp/manuals/HP-15C.pdf
HP-15C,,2,6,f,gold,ISG,"increment counter, skip if > test value",272–280,299,272–278; 278–280,,hp/manuals/HP-15C.pdf
HP-15C,,2,6,g,blue,F?,test whether a designated flag is set,272–280,299,272–278; 278–280,,hp/manuals/HP-15C.pdf
HP-15C,,2,×,none,,×,multiply y by x,272–280,299,272–278; 278–280,,hp/manuals/HP-15C.pdf
HP-15C,,2,×,f,gold,∫ˣy,numerically integrate labeled f(x) over an interval,272–280,299,272–278; 278–280,,hp/manuals/HP-15C.pdf
HP-15C,,2,×,g,blue,x=0,conditional test x = 0,272–280,299,272–278; 278–280,,hp/manuals/HP-15C.pdf
HP-15C,,3,R/S,none,,R/S,run or stop program execution,272–280,299,272–278; 278–280,,hp/manuals/HP-15C.pdf
HP-15C,,3,R/S,f,gold,PSE,pause about one second showing X,272–280,299,272–278; 278–280,,hp/manuals/HP-15C.pdf
HP-15C,,3,R/S,g,blue,P/R,toggle Program and Run modes,272–280,299,272–278; 278–280,,hp/manuals/HP-15C.pdf
HP-15C,,3,GSB,none,,GSB,call a labeled subroutine,272–280,299,272–278; 278–280,,hp/manuals/HP-15C.pdf
HP-15C,,3,GSB,f,gold,CLEAR Σ,clear the statistics registers R2–R7,272–280,299,272–278; 278–280,,hp/manuals/HP-15C.pdf
HP-15C,,3,GSB,g,blue,RTN,return from subroutine or halt at line 000,272–280,299,272–278; 278–280,,hp/manuals/HP-15C.pdf
HP-15C,,3,R↓,none,,R↓,roll the stack down,272–280,299,272–278; 278–280,,hp/manuals/HP-15C.pdf
HP-15C,,3,R↓,f,gold,CLEAR PRGM,clear program memory / reset to line 000,272–280,299,272–278; 278–280,,hp/manuals/HP-15C.pdf
HP-15C,,3,R↓,g,blue,R↑,roll the stack up,272–280,299,272–278; 278–280,,hp/manuals/HP-15C.pdf
HP-15C,,3,x≷y,none,,x≷y,exchange X and Y registers,272–280,299,272–278; 278–280,,hp/manuals/HP-15C.pdf
HP-15C,,3,x≷y,f,gold,CLEAR REG,clear all data storage registers to zero,272–280,299,272–278; 278–280,,hp/manuals/HP-15C.pdf
HP-15C,,3,x≷y,g,blue,RND,round X's mantissa to the display format,272–280,299,272–278; 278–280,,hp/manuals/HP-15C.pdf
HP-15C,,3,←,none,,←,"backspace last digit, or clear X",272–280,299,272–278; 278–280,,hp/manuals/HP-15C.pdf
HP-15C,,3,←,f,gold,CLEAR PREFIX,cancel a prefix; show full 10-digit mantissa,272–280,299,272–278; 278–280,,hp/manuals/HP-15C.pdf
HP-15C,,3,←,g,blue,CLx,clear the X-register to zero,272–280,299,272–278; 278–280,,hp/manuals/HP-15C.pdf
HP-15C,,3,ENTER,none,,ENTER,copy X into Y and separate number entries,272–280,299,272–278; 278–280,,hp/manuals/HP-15C.pdf
HP-15C,,3,ENTER,f,gold,RAN#,pseudo-random number from a stored seed,272–280,299,272–278; 278–280,,hp/manuals/HP-15C.pdf
HP-15C,,3,ENTER,g,blue,LSTx,recall the number before the last operation,272–280,299,272–278; 278–280,,hp/manuals/HP-15C.pdf
HP-15C,,3,1,none,,1,digit 1,272–280,299,272–278; 278–280,,hp/manuals/HP-15C.pdf
HP-15C,,3,1,f,gold,→R,"polar (r, θ) to rectangular (x, y)",272–280,299,272–278; 278–280,,hp/manuals/HP-15C.pdf
HP-15C,,3,1,g,blue,→P,"rectangular (x, y) to polar (r, θ)",272–280,299,272–278; 278–280,,hp/manuals/HP-15C.pdf
HP-15C,,3,2,none,,2,digit 2,272–280,299,272–278; 278–280,,hp/manuals/HP-15C.pdf
HP-15C,,3,2,f,gold,→H.MS,decimal hours to hours-minutes-seconds,272–280,299,272–278; 278–280,,hp/manuals/HP-15C.pdf
HP-15C,,3,2,g,blue,→H,hours-minutes-seconds to decimal hours,272–280,299,272–278; 278–280,,hp/manuals/HP-15C.pdf
HP-15C,,3,3,none,,3,digit 3,272–280,299,272–278; 278–280,,hp/manuals/HP-15C.pdf
HP-15C,,3,3,f,gold,→RAD,degrees to radians,272–280,299,272–278; 278–280,,hp/manuals/HP-15C.pdf
HP-15C,,3,3,g,blue,→DEG,radians to degrees,272–280,299,272–278; 278–280,,hp/manuals/HP-15C.pdf
HP-15C,,3,−,none,,−,subtract x from y,272–280,299,272–278; 278–280,,hp/manuals/HP-15C.pdf
HP-15C,,3,−,f,gold,Re≷Im,exchange real and imaginary X-registers; activate Complex mode,272–280,299,272–278; 278–280,,hp/manuals/HP-15C.pdf
HP-15C,,3,−,g,blue,TEST,conditional tests 0–9 against 0 or Y,272–280,299,272–278; 278–280,,hp/manuals/HP-15C.pdf
HP-15C,,4,ON,none,,ON,turn display on/off; reset Continuous Memory,272–280,299,272–278; 278–280,,hp/manuals/HP-15C.pdf
HP-15C,,4,f,none,,f,select gold function above a key,272–280,299,272–278; 278–280,,hp/manuals/HP-15C.pdf
HP-15C,,4,g,none,,g,select blue function below a key,272–280,299,272–278; 278–280,,hp/manuals/HP-15C.pdf
HP-15C,,4,STO,none,,STO,store X into a register; also register arithmetic,272–280,299,272–278; 278–280,,hp/manuals/HP-15C.pdf
HP-15C,,4,STO,f,gold,FRAC,keep only the fractional part of x,272–280,299,272–278; 278–280,,hp/manuals/HP-15C.pdf
HP-15C,,4,STO,g,blue,INT,keep only the integer part of x,272–280,299,272–278; 278–280,,hp/manuals/HP-15C.pdf
HP-15C,,4,RCL,none,,RCL,recall a register into X; also register arithmetic,272–280,299,272–278; 278–280,,hp/manuals/HP-15C.pdf
HP-15C,,4,RCL,f,gold,USER,swap primary and gold A–E functions,272–280,299,272–278; 278–280,,hp/manuals/HP-15C.pdf
HP-15C,,4,RCL,g,blue,MEM,show memory allocation (data pool and program),272–280,299,272–278; 278–280,,hp/manuals/HP-15C.pdf
HP-15C,,4,[ENTER↑],none,,[ENTER↑],,272–280,299,272–278; 278–280,,hp/manuals/HP-15C.pdf
HP-15C,,4,0,none,,0,digit 0,272–280,299,272–278; 278–280,,hp/manuals/HP-15C.pdf
HP-15C,,4,0,f,gold,x!,"factorial of x, or Gamma of (1+x)",272–280,299,272–278; 278–280,,hp/manuals/HP-15C.pdf
HP-15C,,4,0,g,blue,x̄,mean of accumulated x and y values,272–280,299,272–278; 278–280,,hp/manuals/HP-15C.pdf
HP-15C,,4,.,none,,.,decimal point,272–280,299,272–278; 278–280,,hp/manuals/HP-15C.pdf
HP-15C,,4,.,f,gold,"ŷ,r",linear estimate of y and correlation coefficient,272–280,299,272–278; 278–280,,hp/manuals/HP-15C.pdf
HP-15C,,4,.,g,blue,s,sample standard deviations of x and y,272–280,299,272–278; 278–280,,hp/manuals/HP-15C.pdf
HP-15C,,4,Σ+,none,,Σ+,"accumulate an x,y data pair into registers R2–R7",272–280,299,272–278; 278–280,,hp/manuals/HP-15C.pdf
HP-15C,,4,Σ+,f,gold,L.R.,linear regression intercept and slope,272–280,299,272–278; 278–280,,hp/manuals/HP-15C.pdf
HP-15C,,4,Σ+,g,blue,Σ−,"remove an x,y data pair to correct accumulations",272–280,299,272–278; 278–280,,hp/manuals/HP-15C.pdf
HP-15C,,4,+,none,,+,add y and x,272–280,299,272–278; 278–280,,hp/manuals/HP-15C.pdf
HP-15C,,4,+,f,gold,"Py,x",transform matrix complex form to partitioned form,272–280,299,272–278; 278–280,,hp/manuals/HP-15C.pdf
HP-15C,,4,+,g,blue,"Cy,x",transform matrix partitioned form to complex form,272–280,299,272–278; 278–280,,hp/manuals/HP-15C.pdf
HP-16C,,1,A,none,,A,,120–124,139,120–124,,hp/manuals/HP-16C.pdf
HP-16C,,1,A,f,gold,SL,shift X left one bit (bit out to carry),120–124,139,120–124,,hp/manuals/HP-16C.pdf
HP-16C,,1,A,g,blue,LJ,"left-justify the word, bit count returned in X",120–124,139,120–124,,hp/manuals/HP-16C.pdf
HP-16C,,1,B,none,,B,,120–124,139,120–124,,hp/manuals/HP-16C.pdf
HP-16C,,1,B,f,gold,SR,shift X right one bit (bit out to carry),120–124,139,120–124,,hp/manuals/HP-16C.pdf
HP-16C,,1,B,g,blue,ASR,"arithmetic shift right, replicating the sign bit",120–124,139,120–124,,hp/manuals/HP-16C.pdf
HP-16C,,1,C,none,,C,,120–124,139,120–124,,hp/manuals/HP-16C.pdf
HP-16C,,1,C,f,gold,RL,rotate X left one bit,120–124,139,120–124,,hp/manuals/HP-16C.pdf
HP-16C,,1,C,g,blue,RLC,rotate X left through the carry,120–124,139,120–124,,hp/manuals/HP-16C.pdf
HP-16C,,1,D,none,,D,,120–124,139,120–124,,hp/manuals/HP-16C.pdf
HP-16C,,1,D,f,gold,RR,rotate X right one bit,120–124,139,120–124,,hp/manuals/HP-16C.pdf
HP-16C,,1,D,g,blue,RRC,rotate X right through the carry,120–124,139,120–124,,hp/manuals/HP-16C.pdf
HP-16C,,1,E,none,,E,,120–124,139,120–124,,hp/manuals/HP-16C.pdf
HP-16C,,1,E,f,gold,RLn,rotate X left n bits,120–124,139,120–124,,hp/manuals/HP-16C.pdf
HP-16C,,1,E,g,blue,RLCn,rotate X left n bits through the carry,120–124,139,120–124,,hp/manuals/HP-16C.pdf
HP-16C,,1,F,none,,F,select gold function above a key,120–124,139,120–124,,hp/manuals/HP-16C.pdf
HP-16C,,1,F,f,gold,RRn,rotate X right n bits,120–124,139,120–124,,hp/manuals/HP-16C.pdf
HP-16C,,1,F,g,blue,RRCn,rotate X right n bits through the carry,120–124,139,120–124,,hp/manuals/HP-16C.pdf
HP-16C,,1,7,none,,7,digit 7,120–124,139,120–124,,hp/manuals/HP-16C.pdf
HP-16C,,1,7,f,gold,MASKL,create a left-justified mask of set bits,120–124,139,120–124,,hp/manuals/HP-16C.pdf
HP-16C,,1,7,g,blue,#B,count the number of set bits in X,120–124,139,120–124,,hp/manuals/HP-16C.pdf
HP-16C,,1,8,none,,8,digit 8,120–124,139,120–124,,hp/manuals/HP-16C.pdf
HP-16C,,1,8,f,gold,MASKR,create a right-justified mask of set bits,120–124,139,120–124,,hp/manuals/HP-16C.pdf
HP-16C,,1,8,g,blue,ABS,absolute value of x,120–124,139,120–124,,hp/manuals/HP-16C.pdf
HP-16C,,1,9,none,,9,digit 9,120–124,139,120–124,,hp/manuals/HP-16C.pdf
HP-16C,,1,9,f,gold,RMD,"remainder, \",120–124,139,120–124,,hp/manuals/HP-16C.pdf
HP-16C,,1,9,g,blue,DBLR,double-word remainder,120–124,139,120–124,,hp/manuals/HP-16C.pdf
HP-16C,,1,÷,none,,÷,divide y by x,120–124,139,120–124,,hp/manuals/HP-16C.pdf
HP-16C,,1,÷,f,gold,XOR,bitwise exclusive-OR of X and Y,120–124,139,120–124,,hp/manuals/HP-16C.pdf
HP-16C,,1,÷,g,blue,DBL÷,double-word divide of a double-word dividend,120–124,139,120–124,,hp/manuals/HP-16C.pdf
HP-16C,,2,GSB,none,,GSB,call a labeled subroutine,120–124,139,120–124,,hp/manuals/HP-16C.pdf
HP-16C,,2,GSB,f,gold,x≷(i),exchange X with the register R_I points to,120–124,139,120–124,,hp/manuals/HP-16C.pdf
HP-16C,,2,GSB,g,blue,RTN,return from subroutine or halt at line 000,120–124,139,120–124,,hp/manuals/HP-16C.pdf
HP-16C,,2,GTO,none,,GTO,branch program execution to a label,120–124,139,120–124,,hp/manuals/HP-16C.pdf
HP-16C,,2,GTO,f,gold,x≷I,exchange X with the index register R_I,120–124,139,120–124,,hp/manuals/HP-16C.pdf
HP-16C,,2,GTO,g,blue,LBL,mark the start of a program (labels 0–F),120–124,139,120–124,,hp/manuals/HP-16C.pdf
HP-16C,,2,HEX,none,,HEX,set hexadecimal number base,120–124,139,120–124,,hp/manuals/HP-16C.pdf
HP-16C,,2,HEX,f,gold,SHOW,,120–124,139,120–124,,hp/manuals/HP-16C.pdf
HP-16C,,2,HEX,g,blue,DSZ,"decrement R_I, skip next line if zero",120–124,139,120–124,,hp/manuals/HP-16C.pdf
HP-16C,,2,DEC,none,,DEC,set decimal (integer) number base,120–124,139,120–124,,hp/manuals/HP-16C.pdf
HP-16C,,2,DEC,f,gold,SHOW,,120–124,139,120–124,,hp/manuals/HP-16C.pdf
HP-16C,,2,DEC,g,blue,ISZ,"increment R_I, skip next line if zero",120–124,139,120–124,,hp/manuals/HP-16C.pdf
HP-16C,,2,OCT,none,,OCT,set octal number base,120–124,139,120–124,,hp/manuals/HP-16C.pdf
HP-16C,,2,OCT,f,gold,SHOW,,120–124,139,120–124,,hp/manuals/HP-16C.pdf
HP-16C,,2,OCT,g,blue,√x,square root of x,120–124,139,120–124,,hp/manuals/HP-16C.pdf
HP-16C,,2,BIN,none,,BIN,set binary number base,120–124,139,120–124,,hp/manuals/HP-16C.pdf
HP-16C,,2,BIN,f,gold,SHOW,,120–124,139,120–124,,hp/manuals/HP-16C.pdf
HP-16C,,2,BIN,g,blue,1/x,reciprocal (Floating-Point mode only),120–124,139,120–124,,hp/manuals/HP-16C.pdf
HP-16C,,2,4,none,,4,digit 4,120–124,139,120–124,,hp/manuals/HP-16C.pdf
HP-16C,,2,4,f,gold,SB,set the specified bit to 1,120–124,139,120–124,,hp/manuals/HP-16C.pdf
HP-16C,,2,4,g,blue,SF,set a designated flag (0–5),120–124,139,120–124,,hp/manuals/HP-16C.pdf
HP-16C,,2,5,none,,5,digit 5,120–124,139,120–124,,hp/manuals/HP-16C.pdf
HP-16C,,2,5,f,gold,CB,clear the specified bit to 0,120–124,139,120–124,,hp/manuals/HP-16C.pdf
HP-16C,,2,5,g,blue,CF,clear a designated flag (0–5),120–124,139,120–124,,hp/manuals/HP-16C.pdf
HP-16C,,2,6,none,,6,digit 6,120–124,139,120–124,,hp/manuals/HP-16C.pdf
HP-16C,,2,6,f,gold,B?,test whether the specified bit is set,120–124,139,120–124,,hp/manuals/HP-16C.pdf
HP-16C,,2,6,g,blue,F?,test whether a designated flag is set,120–124,139,120–124,,hp/manuals/HP-16C.pdf
HP-16C,,2,×,none,,×,multiply y by x,120–124,139,120–124,,hp/manuals/HP-16C.pdf
HP-16C,,2,×,f,gold,AND,bitwise AND of X and Y,120–124,139,120–124,,hp/manuals/HP-16C.pdf
HP-16C,,2,×,g,blue,DBL×,"double-word multiply, product in X and Y",120–124,139,120–124,,hp/manuals/HP-16C.pdf
HP-16C,,3,R/S,none,,R/S,run or stop program execution,120–124,139,120–124,,hp/manuals/HP-16C.pdf
HP-16C,,3,R/S,f,gold,(i),indirect operations addressing register R_I points to,120–124,139,120–124,,hp/manuals/HP-16C.pdf
HP-16C,,3,R/S,g,blue,P/R,toggle Program and Run modes,120–124,139,120–124,,hp/manuals/HP-16C.pdf
HP-16C,,3,SST,none,,SST,single-step forward through program lines,120–124,139,120–124,,hp/manuals/HP-16C.pdf
HP-16C,,3,SST,f,gold,I,index register R_I for indirect use and loop control,120–124,139,120–124,,hp/manuals/HP-16C.pdf
HP-16C,,3,SST,g,blue,BST,back-step through program lines,120–124,139,120–124,,hp/manuals/HP-16C.pdf
HP-16C,,3,R↓,none,,R↓,roll the stack down,120–124,139,120–124,,hp/manuals/HP-16C.pdf
HP-16C,,3,R↓,f,gold,CLEAR PRGM,clear program memory / reset to line 000,120–124,139,120–124,,hp/manuals/HP-16C.pdf
HP-16C,,3,R↓,g,blue,R↑,roll the stack up,120–124,139,120–124,,hp/manuals/HP-16C.pdf
HP-16C,,3,x≷y,none,,x≷y,exchange X and Y registers,120–124,139,120–124,,hp/manuals/HP-16C.pdf
HP-16C,,3,x≷y,f,gold,CLEAR REG,clear all data storage registers,120–124,139,120–124,,hp/manuals/HP-16C.pdf
HP-16C,,3,x≷y,g,blue,PSE,pause briefly showing X during a program,120–124,139,120–124,,hp/manuals/HP-16C.pdf
HP-16C,,3,BSP,none,,BSP,"backspace last digit, or clear X",120–124,139,120–124,,hp/manuals/HP-16C.pdf
HP-16C,,3,BSP,f,gold,CLEAR PREFIX,cancel a prefix; briefly show full mantissa,120–124,139,120–124,,hp/manuals/HP-16C.pdf
HP-16C,,3,BSP,g,blue,CLx,clear the X-register to zero,120–124,139,120–124,,hp/manuals/HP-16C.pdf
HP-16C,,3,ENTER,none,,ENTER,copy X into Y and separate number entries,120–124,139,120–124,,hp/manuals/HP-16C.pdf
HP-16C,,3,ENTER,f,gold,WINDOW,display an 8-digit segment of X (0–7),120–124,139,120–124,,hp/manuals/HP-16C.pdf
HP-16C,,3,ENTER,g,blue,LSTx,recall the number before the last operation,120–124,139,120–124,,hp/manuals/HP-16C.pdf
HP-16C,,3,1,none,,1,digit 1,120–124,139,120–124,,hp/manuals/HP-16C.pdf
HP-16C,,3,1,f,gold,1'S,,120–124,139,120–124,,hp/manuals/HP-16C.pdf
HP-16C,,3,1,g,blue,x≤y,conditional test x ≤ y,120–124,139,120–124,,hp/manuals/HP-16C.pdf
HP-16C,,3,2,none,,2,digit 2,120–124,139,120–124,,hp/manuals/HP-16C.pdf
HP-16C,,3,2,f,gold,2'S,,120–124,139,120–124,,hp/manuals/HP-16C.pdf
HP-16C,,3,2,g,blue,x<0,conditional test x < 0,120–124,139,120–124,,hp/manuals/HP-16C.pdf
HP-16C,,3,3,none,,3,digit 3,120–124,139,120–124,,hp/manuals/HP-16C.pdf
HP-16C,,3,3,f,gold,UNSGN,,120–124,139,120–124,,hp/manuals/HP-16C.pdf
HP-16C,,3,3,g,blue,x>y,conditional test x > y,120–124,139,120–124,,hp/manuals/HP-16C.pdf
HP-16C,,3,−,none,,−,subtract x from y,120–124,139,120–124,,hp/manuals/HP-16C.pdf
HP-16C,,3,−,f,gold,NOT,bitwise complement of X,120–124,139,120–124,,hp/manuals/HP-16C.pdf
HP-16C,,3,−,g,blue,x>0,conditional test x > 0,120–124,139,120–124,,hp/manuals/HP-16C.pdf
HP-16C,,4,ON,none,,ON,turn display on/off; reset Continuous Memory,120–124,139,120–124,,hp/manuals/HP-16C.pdf
HP-16C,,4,f,none,,f,select gold function above a key,120–124,139,120–124,,hp/manuals/HP-16C.pdf
HP-16C,,4,g,none,,g,select blue function below a key,120–124,139,120–124,,hp/manuals/HP-16C.pdf
HP-16C,,4,STO,none,,STO,"store X into a register (0–F, I, or (i))",120–124,139,120–124,,hp/manuals/HP-16C.pdf
HP-16C,,4,STO,f,gold,WSIZE,set the operating word size in bits (1–64),120–124,139,120–124,,hp/manuals/HP-16C.pdf
HP-16C,,4,STO,g,blue,<,scroll the display one digit left,120–124,139,120–124,,hp/manuals/HP-16C.pdf
HP-16C,,4,RCL,none,,RCL,"recall a register into X (0–F, I, or (i))",120–124,139,120–124,,hp/manuals/HP-16C.pdf
HP-16C,,4,RCL,f,gold,FLOAT,switch to Floating-Point Decimal mode,120–124,139,120–124,,hp/manuals/HP-16C.pdf
HP-16C,,4,RCL,g,blue,>,scroll the display one digit right,120–124,139,120–124,,hp/manuals/HP-16C.pdf
HP-16C,,4,[ENTER↑],none,,[ENTER↑],,120–124,139,120–124,,hp/manuals/HP-16C.pdf
HP-16C,,4,0,none,,0,digit 0,120–124,139,120–124,,hp/manuals/HP-16C.pdf
HP-16C,,4,0,f,gold,MEM,show free program lines and available registers,120–124,139,120–124,,hp/manuals/HP-16C.pdf
HP-16C,,4,0,g,blue,x≠y,conditional test x ≠ y,120–124,139,120–124,,hp/manuals/HP-16C.pdf
HP-16C,,4,.,none,,.,decimal point (Floating-Point mode only),120–124,139,120–124,,hp/manuals/HP-16C.pdf
HP-16C,,4,.,f,gold,STATUS,"briefly show complement mode, word size, flags",120–124,139,120–124,,hp/manuals/HP-16C.pdf
HP-16C,,4,.,g,blue,x≠0,conditional test x ≠ 0,120–124,139,120–124,,hp/manuals/HP-16C.pdf
HP-16C,,4,CHS,none,,CHS,change sign / return the complement of x,120–124,139,120–124,,hp/manuals/HP-16C.pdf
HP-16C,,4,CHS,f,gold,EEX,enter exponent (Floating-Point mode only),120–124,139,120–124,,hp/manuals/HP-16C.pdf
HP-16C,,4,CHS,g,blue,x=y,conditional test x = y,120–124,139,120–124,,hp/manuals/HP-16C.pdf
HP-16C,,4,+,none,,+,add y and x,120–124,139,120–124,,hp/manuals/HP-16C.pdf
HP-16C,,4,+,f,gold,OR,bitwise OR of X and Y,120–124,139,120–124,,hp/manuals/HP-16C.pdf
HP-16C,,4,+,g,blue,x=0,conditional test x = 0,120–124,139,120–124,,hp/manuals/HP-16C.pdf
HP-28C,Left keypad (alpha / menu-selection panel),1,A,none,,A,,24–25,26–27,219–239,221–241,hp/manuals/HP-28C.pdf
HP-28C,Left keypad (alpha / menu-selection panel),1,A,shift,red,ARRAY,,24–25,26–27,219–239,221–241,hp/manuals/HP-28C.pdf
HP-28C,Left keypad (alpha / menu-selection panel),1,B,none,,B,,24–25,26–27,219–239,221–241,hp/manuals/HP-28C.pdf
HP-28C,Left keypad (alpha / menu-selection panel),1,B,shift,red,BINARY,,24–25,26–27,219–239,221–241,hp/manuals/HP-28C.pdf
HP-28C,Left keypad (alpha / menu-selection panel),1,C,none,,C,,24–25,26–27,219–239,221–241,hp/manuals/HP-28C.pdf
HP-28C,Left keypad (alpha / menu-selection panel),1,C,shift,red,CMPLX,,24–25,26–27,219–239,221–241,hp/manuals/HP-28C.pdf
HP-28C,Left keypad (alpha / menu-selection panel),1,D,none,,D,,24–25,26–27,219–239,221–241,hp/manuals/HP-28C.pdf
HP-28C,Left keypad (alpha / menu-selection panel),1,D,shift,red,STRING,,24–25,26–27,219–239,221–241,hp/manuals/HP-28C.pdf
HP-28C,Left keypad (alpha / menu-selection panel),1,E,none,,E,,24–25,26–27,219–239,221–241,hp/manuals/HP-28C.pdf
HP-28C,Left keypad (alpha / menu-selection panel),1,E,shift,red,LIST,,24–25,26–27,219–239,221–241,hp/manuals/HP-28C.pdf
HP-28C,Left keypad (alpha / menu-selection panel),1,F,none,,F,,24–25,26–27,219–239,221–241,hp/manuals/HP-28C.pdf
HP-28C,Left keypad (alpha / menu-selection panel),1,F,shift,red,REAL,,24–25,26–27,219–239,221–241,hp/manuals/HP-28C.pdf
HP-28C,Left keypad (alpha / menu-selection panel),2,G,none,,G,,24–25,26–27,219–239,221–241,hp/manuals/HP-28C.pdf
HP-28C,Left keypad (alpha / menu-selection panel),2,G,shift,red,STACK,,24–25,26–27,219–239,221–241,hp/manuals/HP-28C.pdf
HP-28C,Left keypad (alpha / menu-selection panel),2,H,none,,H,scale plot height,24–25,26–27,219–239,221–241,hp/manuals/HP-28C.pdf
HP-28C,Left keypad (alpha / menu-selection panel),2,H,shift,red,STORE,,24–25,26–27,219–239,221–241,hp/manuals/HP-28C.pdf
HP-28C,Left keypad (alpha / menu-selection panel),2,I,none,,I,,24–25,26–27,219–239,221–241,hp/manuals/HP-28C.pdf
HP-28C,Left keypad (alpha / menu-selection panel),2,J,none,,J,,24–25,26–27,219–239,221–241,hp/manuals/HP-28C.pdf
HP-28C,Left keypad (alpha / menu-selection panel),2,J,shift,red,ALGEBRA,,24–25,26–27,219–239,221–241,hp/manuals/HP-28C.pdf
HP-28C,Left keypad (alpha / menu-selection panel),2,K,none,,K,,24–25,26–27,219–239,221–241,hp/manuals/HP-28C.pdf
HP-28C,Left keypad (alpha / menu-selection panel),2,L,none,,L,,24–25,26–27,219–239,221–241,hp/manuals/HP-28C.pdf
HP-28C,Left keypad (alpha / menu-selection panel),2,L,shift,red,PRINT,,24–25,26–27,219–239,221–241,hp/manuals/HP-28C.pdf
HP-28C,Left keypad (alpha / menu-selection panel),3,M,none,,M,,24–25,26–27,219–239,221–241,hp/manuals/HP-28C.pdf
HP-28C,Left keypad (alpha / menu-selection panel),3,M,shift,red,CTRL,,24–25,26–27,219–239,221–241,hp/manuals/HP-28C.pdf
HP-28C,Left keypad (alpha / menu-selection panel),3,N,none,,N,number of data points,24–25,26–27,219–239,221–241,hp/manuals/HP-28C.pdf
HP-28C,Left keypad (alpha / menu-selection panel),3,N,shift,red,BRANCH,,24–25,26–27,219–239,221–241,hp/manuals/HP-28C.pdf
HP-28C,Left keypad (alpha / menu-selection panel),3,O,none,,O,,24–25,26–27,219–239,221–241,hp/manuals/HP-28C.pdf
HP-28C,Left keypad (alpha / menu-selection panel),3,O,shift,red,TEST,,24–25,26–27,219–239,221–241,hp/manuals/HP-28C.pdf
HP-28C,Left keypad (alpha / menu-selection panel),3,P,none,,P,,24–25,26–27,219–239,221–241,hp/manuals/HP-28C.pdf
HP-28C,Left keypad (alpha / menu-selection panel),3,Q,none,,Q,,24–25,26–27,219–239,221–241,hp/manuals/HP-28C.pdf
HP-28C,Left keypad (alpha / menu-selection panel),3,Q,shift,red,CATALOG,,24–25,26–27,219–239,221–241,hp/manuals/HP-28C.pdf
HP-28C,Left keypad (alpha / menu-selection panel),3,R,none,,R,,24–25,26–27,219–239,221–241,hp/manuals/HP-28C.pdf
HP-28C,Left keypad (alpha / menu-selection panel),3,R,shift,red,UNITS,,24–25,26–27,219–239,221–241,hp/manuals/HP-28C.pdf
HP-28C,Left keypad (alpha / menu-selection panel),4,S,none,,S,,24–25,26–27,219–239,221–241,hp/manuals/HP-28C.pdf
HP-28C,Left keypad (alpha / menu-selection panel),4,S,shift,red,≤,,24–25,26–27,219–239,221–241,hp/manuals/HP-28C.pdf
HP-28C,Left keypad (alpha / menu-selection panel),4,T,none,,T,percent of total,24–25,26–27,219–239,221–241,hp/manuals/HP-28C.pdf
HP-28C,Left keypad (alpha / menu-selection panel),4,T,shift,red,≥,,24–25,26–27,219–239,221–241,hp/manuals/HP-28C.pdf
HP-28C,Left keypad (alpha / menu-selection panel),4,U,none,,U,,24–25,26–27,219–239,221–241,hp/manuals/HP-28C.pdf
HP-28C,Left keypad (alpha / menu-selection panel),4,U,shift,red,→,,24–25,26–27,219–239,221–241,hp/manuals/HP-28C.pdf
HP-28C,Left keypad (alpha / menu-selection panel),4,V,none,,V,,24–25,26–27,219–239,221–241,hp/manuals/HP-28C.pdf
HP-28C,Left keypad (alpha / menu-selection panel),4,V,shift,red,Σ,,24–25,26–27,219–239,221–241,hp/manuals/HP-28C.pdf
HP-28C,Left keypad (alpha / menu-selection panel),4,W,none,,W,scale plot width,24–25,26–27,219–239,221–241,hp/manuals/HP-28C.pdf
HP-28C,Left keypad (alpha / menu-selection panel),4,W,shift,red,°,,24–25,26–27,219–239,221–241,hp/manuals/HP-28C.pdf
HP-28C,Left keypad (alpha / menu-selection panel),4,X,none,,X,,24–25,26–27,219–239,221–241,hp/manuals/HP-28C.pdf
HP-28C,Left keypad (alpha / menu-selection panel),4,X,shift,red,µ,,24–25,26–27,219–239,221–241,hp/manuals/HP-28C.pdf
HP-28C,Left keypad (alpha / menu-selection panel),5,Y,none,,Y,,24–25,26–27,219–239,221–241,hp/manuals/HP-28C.pdf
HP-28C,Left keypad (alpha / menu-selection panel),5,Y,shift,red,<,,24–25,26–27,219–239,221–241,hp/manuals/HP-28C.pdf
HP-28C,Left keypad (alpha / menu-selection panel),5,Z,none,,Z,,24–25,26–27,219–239,221–241,hp/manuals/HP-28C.pdf
HP-28C,Left keypad (alpha / menu-selection panel),5,Z,shift,red,>,,24–25,26–27,219–239,221–241,hp/manuals/HP-28C.pdf
HP-28C,Left keypad (alpha / menu-selection panel),5,#,none,,#,,24–25,26–27,219–239,221–241,hp/manuals/HP-28C.pdf
HP-28C,Left keypad (alpha / menu-selection panel),5,#,shift,red,"""",,24–25,26–27,219–239,221–241,hp/manuals/HP-28C.pdf
HP-28C,Left keypad (alpha / menu-selection panel),5,{,none,,{,,24–25,26–27,219–239,221–241,hp/manuals/HP-28C.pdf
HP-28C,Left keypad (alpha / menu-selection panel),5,{,shift,red,},,24–25,26–27,219–239,221–241,hp/manuals/HP-28C.pdf
HP-28C,Left keypad (alpha / menu-selection panel),5,[,none,,[,,24–25,26–27,219–239,221–241,hp/manuals/HP-28C.pdf
HP-28C,Left keypad (alpha / menu-selection panel),5,[,shift,red,],,24–25,26–27,219–239,221–241,hp/manuals/HP-28C.pdf
HP-28C,Left keypad (alpha / menu-selection panel),5,(,none,,(,,24–25,26–27,219–239,221–241,hp/manuals/HP-28C.pdf
HP-28C,Left keypad (alpha / menu-selection panel),5,(,shift,red,),,24–25,26–27,219–239,221–241,hp/manuals/HP-28C.pdf
HP-28C,Left keypad (alpha / menu-selection panel),6,SPACE,none,,SPACE,,24–25,26–27,219–239,221–241,hp/manuals/HP-28C.pdf
HP-28C,Left keypad (alpha / menu-selection panel),6,SPACE,shift,red,NEWLINE,,24–25,26–27,219–239,221–241,hp/manuals/HP-28C.pdf
HP-28C,Left keypad (alpha / menu-selection panel),6,«,none,,«,,24–25,26–27,219–239,221–241,hp/manuals/HP-28C.pdf
HP-28C,Left keypad (alpha / menu-selection panel),6,«,shift,red,≫,,24–25,26–27,219–239,221–241,hp/manuals/HP-28C.pdf
HP-28C,Left keypad (alpha / menu-selection panel),6,=,none,,=,,24–25,26–27,219–239,221–241,hp/manuals/HP-28C.pdf
HP-28C,Left keypad (alpha / menu-selection panel),6,=,shift,red,≠,,24–25,26–27,219–239,221–241,hp/manuals/HP-28C.pdf
HP-28C,Left keypad (alpha / menu-selection panel),6,LC,none,,LC,,24–25,26–27,219–239,221–241,hp/manuals/HP-28C.pdf
HP-28C,Left keypad (alpha / menu-selection panel),6,LC,shift,red,?,,24–25,26–27,219–239,221–241,hp/manuals/HP-28C.pdf
HP-28C,Left keypad (alpha / menu-selection panel),6,α,none,,α,,24–25,26–27,219–239,221–241,hp/manuals/HP-28C.pdf
HP-28C,Left keypad (alpha / menu-selection panel),6,α,shift,red,α LOCK,,24–25,26–27,219–239,221–241,hp/manuals/HP-28C.pdf
HP-28C,Right keypad (numeric / function panel),1,(menu key),none,,(menu key),,24–25,26–27,219–239,221–241,hp/manuals/HP-28C.pdf
HP-28C,Right keypad (numeric / function panel),1,(menu key),shift,red,INS,,24–25,26–27,219–239,221–241,hp/manuals/HP-28C.pdf
HP-28C,Right keypad (numeric / function panel),1,(menu key),none,,(menu key),,24–25,26–27,219–239,221–241,hp/manuals/HP-28C.pdf
HP-28C,Right keypad (numeric / function panel),1,(menu key),shift,red,DEL,,24–25,26–27,219–239,221–241,hp/manuals/HP-28C.pdf
HP-28C,Right keypad (numeric / function panel),1,(menu key),none,,(menu key),,24–25,26–27,219–239,221–241,hp/manuals/HP-28C.pdf
HP-28C,Right keypad (numeric / function panel),1,(menu key),shift,red,▲,,24–25,26–27,219–239,221–241,hp/manuals/HP-28C.pdf
HP-28C,Right keypad (numeric / function panel),1,(menu key),none,,(menu key),,24–25,26–27,219–239,221–241,hp/manuals/HP-28C.pdf
HP-28C,Right keypad (numeric / function panel),1,(menu key),shift,red,▼,,24–25,26–27,219–239,221–241,hp/manuals/HP-28C.pdf
HP-28C,Right keypad (numeric / function panel),1,(menu key),none,,(menu key),,24–25,26–27,219–239,221–241,hp/manuals/HP-28C.pdf
HP-28C,Right keypad (numeric / function panel),1,(menu key),shift,red,◄,,24–25,26–27,219–239,221–241,hp/manuals/HP-28C.pdf
HP-28C,Right keypad (numeric / function panel),1,(menu key),none,,(menu key),,24–25,26–27,219–239,221–241,hp/manuals/HP-28C.pdf
HP-28C,Right keypad (numeric / function panel),1,(menu key),shift,red,►,,24–25,26–27,219–239,221–241,hp/manuals/HP-28C.pdf
HP-28C,Right keypad (numeric / function panel),2,(red shift),none,,(red shift),,24–25,26–27,219–239,221–241,hp/manuals/HP-28C.pdf
HP-28C,Right keypad (numeric / function panel),2,◄▶ (mode key),none,,◄▶ (mode key),,24–25,26–27,219–239,221–241,hp/manuals/HP-28C.pdf
HP-28C,Right keypad (numeric / function panel),2,◄▶ (mode key),shift,red,MODE,,24–25,26–27,219–239,221–241,hp/manuals/HP-28C.pdf
HP-28C,Right keypad (numeric / function panel),2,TRIG,none,,TRIG,,24–25,26–27,219–239,221–241,hp/manuals/HP-28C.pdf
HP-28C,Right keypad (numeric / function panel),2,TRIG,shift,red,LOGS,,24–25,26–27,219–239,221–241,hp/manuals/HP-28C.pdf
HP-28C,Right keypad (numeric / function panel),2,SOLV,none,,SOLV,,24–25,26–27,219–239,221–241,hp/manuals/HP-28C.pdf
HP-28C,Right keypad (numeric / function panel),2,SOLV,shift,red,STAT,,24–25,26–27,219–239,221–241,hp/manuals/HP-28C.pdf
HP-28C,Right keypad (numeric / function panel),2,USER,none,,USER,,24–25,26–27,219–239,221–241,hp/manuals/HP-28C.pdf
HP-28C,Right keypad (numeric / function panel),2,USER,shift,red,PLOT,,24–25,26–27,219–239,221–241,hp/manuals/HP-28C.pdf
HP-28C,Right keypad (numeric / function panel),2,NEXT,none,,NEXT,"close loop, step by 1",24–25,26–27,219–239,221–241,hp/manuals/HP-28C.pdf
HP-28C,Right keypad (numeric / function panel),2,NEXT,shift,red,PREV,,24–25,26–27,219–239,221–241,hp/manuals/HP-28C.pdf
HP-28C,Right keypad (numeric / function panel),3,ENTER,none,,ENTER,,24–25,26–27,219–239,221–241,hp/manuals/HP-28C.pdf
HP-28C,Right keypad (numeric / function panel),3,ENTER,shift,red,EDIT,edit level-1 object,24–25,26–27,219–239,221–241,hp/manuals/HP-28C.pdf
HP-28C,Right keypad (numeric / function panel),3,CHS,none,,CHS,change sign / negate,24–25,26–27,219–239,221–241,hp/manuals/HP-28C.pdf
HP-28C,Right keypad (numeric / function panel),3,CHS,shift,red,VIEW▲,scroll display up,24–25,26–27,219–239,221–241,hp/manuals/HP-28C.pdf
HP-28C,Right keypad (numeric / function panel),3,EEX,none,,EEX,enter power-of-ten exponent,24–25,26–27,219–239,221–241,hp/manuals/HP-28C.pdf
HP-28C,Right keypad (numeric / function panel),3,EEX,shift,red,VIEW▼,scroll display down,24–25,26–27,219–239,221–241,hp/manuals/HP-28C.pdf
HP-28C,Right keypad (numeric / function panel),3,DROP,none,,DROP,drop level 1,24–25,26–27,219–239,221–241,hp/manuals/HP-28C.pdf
HP-28C,Right keypad (numeric / function panel),3,DROP,shift,red,ROLL,roll stack upward,24–25,26–27,219–239,221–241,hp/manuals/HP-28C.pdf
HP-28C,Right keypad (numeric / function panel),3,◆,none,,◆,,24–25,26–27,219–239,221–241,hp/manuals/HP-28C.pdf
HP-28C,Right keypad (numeric / function panel),3,◆,shift,red,SWAP,exchange levels 1 and 2,24–25,26–27,219–239,221–241,hp/manuals/HP-28C.pdf
HP-28C,Right keypad (numeric / function panel),4,\,none,,\,,24–25,26–27,219–239,221–241,hp/manuals/HP-28C.pdf
HP-28C,Right keypad (numeric / function panel),4,7,none,,7,digit 7,24–25,26–27,219–239,221–241,hp/manuals/HP-28C.pdf
HP-28C,Right keypad (numeric / function panel),4,7,shift,red,COMMAND,,24–25,26–27,219–239,221–241,hp/manuals/HP-28C.pdf
HP-28C,Right keypad (numeric / function panel),4,8,none,,8,digit 8,24–25,26–27,219–239,221–241,hp/manuals/HP-28C.pdf
HP-28C,Right keypad (numeric / function panel),4,8,shift,red,UNDO,restore previous stack,24–25,26–27,219–239,221–241,hp/manuals/HP-28C.pdf
HP-28C,Right keypad (numeric / function panel),4,9,none,,9,digit 9,24–25,26–27,219–239,221–241,hp/manuals/HP-28C.pdf
HP-28C,Right keypad (numeric / function panel),4,9,shift,red,LAST,recover last arguments,24–25,26–27,219–239,221–241,hp/manuals/HP-28C.pdf
HP-28C,Right keypad (numeric / function panel),4,÷,none,,÷,,24–25,26–27,219–239,221–241,hp/manuals/HP-28C.pdf
HP-28C,Right keypad (numeric / function panel),4,÷,shift,red,1/x,reciprocal,24–25,26–27,219–239,221–241,hp/manuals/HP-28C.pdf
HP-28C,Right keypad (numeric / function panel),5,STO,none,,STO,store into variable,24–25,26–27,219–239,221–241,hp/manuals/HP-28C.pdf
HP-28C,Right keypad (numeric / function panel),5,STO,shift,red,RCL,recall variable contents,24–25,26–27,219–239,221–241,hp/manuals/HP-28C.pdf
HP-28C,Right keypad (numeric / function panel),5,4,none,,4,digit 4,24–25,26–27,219–239,221–241,hp/manuals/HP-28C.pdf
HP-28C,Right keypad (numeric / function panel),5,4,shift,red,PURGE,delete variables,24–25,26–27,219–239,221–241,hp/manuals/HP-28C.pdf
HP-28C,Right keypad (numeric / function panel),5,5,none,,5,digit 5,24–25,26–27,219–239,221–241,hp/manuals/HP-28C.pdf
HP-28C,Right keypad (numeric / function panel),5,5,shift,red,∫,definite/symbolic integral,24–25,26–27,219–239,221–241,hp/manuals/HP-28C.pdf
HP-28C,Right keypad (numeric / function panel),5,6,none,,6,digit 6,24–25,26–27,219–239,221–241,hp/manuals/HP-28C.pdf
HP-28C,Right keypad (numeric / function panel),5,6,shift,red,d/dx,derivative,24–25,26–27,219–239,221–241,hp/manuals/HP-28C.pdf
HP-28C,Right keypad (numeric / function panel),5,×,none,,×,,24–25,26–27,219–239,221–241,hp/manuals/HP-28C.pdf
HP-28C,Right keypad (numeric / function panel),5,×,shift,red,^,raise to a power,24–25,26–27,219–239,221–241,hp/manuals/HP-28C.pdf
HP-28C,Right keypad (numeric / function panel),6,EVAL,none,,EVAL,evaluate an object,24–25,26–27,219–239,221–241,hp/manuals/HP-28C.pdf
HP-28C,Right keypad (numeric / function panel),6,EVAL,shift,red,→NUM,force numeric evaluation,24–25,26–27,219–239,221–241,hp/manuals/HP-28C.pdf
HP-28C,Right keypad (numeric / function panel),6,1,none,,1,digit 1,24–25,26–27,219–239,221–241,hp/manuals/HP-28C.pdf
HP-28C,Right keypad (numeric / function panel),6,1,shift,red,CONT,resume halted program,24–25,26–27,219–239,221–241,hp/manuals/HP-28C.pdf
HP-28C,Right keypad (numeric / function panel),6,2,none,,2,digit 2,24–25,26–27,219–239,221–241,hp/manuals/HP-28C.pdf
HP-28C,Right keypad (numeric / function panel),6,2,shift,red,%,percent,24–25,26–27,219–239,221–241,hp/manuals/HP-28C.pdf
HP-28C,Right keypad (numeric / function panel),6,3,none,,3,digit 3,24–25,26–27,219–239,221–241,hp/manuals/HP-28C.pdf
HP-28C,Right keypad (numeric / function panel),6,3,shift,red,%CH,percent change,24–25,26–27,219–239,221–241,hp/manuals/HP-28C.pdf
HP-28C,Right keypad (numeric / function panel),6,−,none,,−,,24–25,26–27,219–239,221–241,hp/manuals/HP-28C.pdf
HP-28C,Right keypad (numeric / function panel),6,−,shift,red,√,square root,24–25,26–27,219–239,221–241,hp/manuals/HP-28C.pdf
HP-28C,Right keypad (numeric / function panel),7,ON,none,,ON,power on/off,24–25,26–27,219–239,221–241,hp/manuals/HP-28C.pdf
HP-28C,Right keypad (numeric / function panel),7,ON,shift,red,OFF,power on/off,24–25,26–27,219–239,221–241,hp/manuals/HP-28C.pdf
HP-28C,Right keypad (numeric / function panel),7,0,none,,0,digit 0,24–25,26–27,219–239,221–241,hp/manuals/HP-28C.pdf
HP-28C,Right keypad (numeric / function panel),7,0,shift,red,CLEAR,,24–25,26–27,219–239,221–241,hp/manuals/HP-28C.pdf
HP-28C,Right keypad (numeric / function panel),7,.,none,,.,decimal point,24–25,26–27,219–239,221–241,hp/manuals/HP-28C.pdf
HP-28C,Right keypad (numeric / function panel),7,.,shift,red,π,pi constant,24–25,26–27,219–239,221–241,hp/manuals/HP-28C.pdf
HP-28C,Right keypad (numeric / function panel),7,",",none,,",",decimal point,24–25,26–27,219–239,221–241,hp/manuals/HP-28C.pdf
HP-28C,Right keypad (numeric / function panel),7,",",shift,red,CONVERT,unit conversion,24–25,26–27,219–239,221–241,hp/manuals/HP-28C.pdf
HP-28C,Right keypad (numeric / function panel),7,+,none,,+,,24–25,26–27,219–239,221–241,hp/manuals/HP-28C.pdf
HP-28C,Right keypad (numeric / function panel),7,+,shift,red,x²,square,24–25,26–27,219–239,221–241,hp/manuals/HP-28C.pdf
HP-28S,Left keypad (alpha / menu-selection panel),1,A,none,,A,,26–27,28–29,307–326; 327–331,309–333,hp/manuals/HP-28S.pdf
HP-28S,Left keypad (alpha / menu-selection panel),1,A,shift,red,ARRAY,,26–27,28–29,307–326; 327–331,309–333,hp/manuals/HP-28S.pdf
HP-28S,Left keypad (alpha / menu-selection panel),1,B,none,,B,,26–27,28–29,307–326; 327–331,309–333,hp/manuals/HP-28S.pdf
HP-28S,Left keypad (alpha / menu-selection panel),1,B,shift,red,BINARY,,26–27,28–29,307–326; 327–331,309–333,hp/manuals/HP-28S.pdf
HP-28S,Left keypad (alpha / menu-selection panel),1,C,none,,C,,26–27,28–29,307–326; 327–331,309–333,hp/manuals/HP-28S.pdf
HP-28S,Left keypad (alpha / menu-selection panel),1,C,shift,red,COMPLX,,26–27,28–29,307–326; 327–331,309–333,hp/manuals/HP-28S.pdf
HP-28S,Left keypad (alpha / menu-selection panel),1,D,none,,D,,26–27,28–29,307–326; 327–331,309–333,hp/manuals/HP-28S.pdf
HP-28S,Left keypad (alpha / menu-selection panel),1,D,shift,red,STRING,,26–27,28–29,307–326; 327–331,309–333,hp/manuals/HP-28S.pdf
HP-28S,Left keypad (alpha / menu-selection panel),1,E,none,,E,,26–27,28–29,307–326; 327–331,309–333,hp/manuals/HP-28S.pdf
HP-28S,Left keypad (alpha / menu-selection panel),1,E,shift,red,LIST,,26–27,28–29,307–326; 327–331,309–333,hp/manuals/HP-28S.pdf
HP-28S,Left keypad (alpha / menu-selection panel),1,F,none,,F,,26–27,28–29,307–326; 327–331,309–333,hp/manuals/HP-28S.pdf
HP-28S,Left keypad (alpha / menu-selection panel),1,F,shift,red,REAL,,26–27,28–29,307–326; 327–331,309–333,hp/manuals/HP-28S.pdf
HP-28S,Left keypad (alpha / menu-selection panel),2,G,none,,G,,26–27,28–29,307–326; 327–331,309–333,hp/manuals/HP-28S.pdf
HP-28S,Left keypad (alpha / menu-selection panel),2,G,shift,red,STACK,,26–27,28–29,307–326; 327–331,309–333,hp/manuals/HP-28S.pdf
HP-28S,Left keypad (alpha / menu-selection panel),2,H,none,,H,scale plot height,26–27,28–29,307–326; 327–331,309–333,hp/manuals/HP-28S.pdf
HP-28S,Left keypad (alpha / menu-selection panel),2,H,shift,red,STORE,,26–27,28–29,307–326; 327–331,309–333,hp/manuals/HP-28S.pdf
HP-28S,Left keypad (alpha / menu-selection panel),2,I,none,,I,,26–27,28–29,307–326; 327–331,309–333,hp/manuals/HP-28S.pdf
HP-28S,Left keypad (alpha / menu-selection panel),2,I,shift,red,MEMORY,,26–27,28–29,307–326; 327–331,309–333,hp/manuals/HP-28S.pdf
HP-28S,Left keypad (alpha / menu-selection panel),2,J,none,,J,,26–27,28–29,307–326; 327–331,309–333,hp/manuals/HP-28S.pdf
HP-28S,Left keypad (alpha / menu-selection panel),2,J,shift,red,ALGBRA,,26–27,28–29,307–326; 327–331,309–333,hp/manuals/HP-28S.pdf
HP-28S,Left keypad (alpha / menu-selection panel),2,K,none,,K,,26–27,28–29,307–326; 327–331,309–333,hp/manuals/HP-28S.pdf
HP-28S,Left keypad (alpha / menu-selection panel),2,K,shift,red,STAT,,26–27,28–29,307–326; 327–331,309–333,hp/manuals/HP-28S.pdf
HP-28S,Left keypad (alpha / menu-selection panel),2,L,none,,L,,26–27,28–29,307–326; 327–331,309–333,hp/manuals/HP-28S.pdf
HP-28S,Left keypad (alpha / menu-selection panel),2,L,shift,red,PRINT,,26–27,28–29,307–326; 327–331,309–333,hp/manuals/HP-28S.pdf
HP-28S,Left keypad (alpha / menu-selection panel),3,M,none,,M,,26–27,28–29,307–326; 327–331,309–333,hp/manuals/HP-28S.pdf
HP-28S,Left keypad (alpha / menu-selection panel),3,M,shift,red,CONTRL,,26–27,28–29,307–326; 327–331,309–333,hp/manuals/HP-28S.pdf
HP-28S,Left keypad (alpha / menu-selection panel),3,N,none,,N,number of data points,26–27,28–29,307–326; 327–331,309–333,hp/manuals/HP-28S.pdf
HP-28S,Left keypad (alpha / menu-selection panel),3,N,shift,red,BRANCH,,26–27,28–29,307–326; 327–331,309–333,hp/manuals/HP-28S.pdf
HP-28S,Left keypad (alpha / menu-selection panel),3,O,none,,O,,26–27,28–29,307–326; 327–331,309–333,hp/manuals/HP-28S.pdf
HP-28S,Left keypad (alpha / menu-selection panel),3,O,shift,red,TEST,,26–27,28–29,307–326; 327–331,309–333,hp/manuals/HP-28S.pdf
HP-28S,Left keypad (alpha / menu-selection panel),3,P,none,,P,,26–27,28–29,307–326; 327–331,309–333,hp/manuals/HP-28S.pdf
HP-28S,Left keypad (alpha / menu-selection panel),3,Q,none,,Q,,26–27,28–29,307–326; 327–331,309–333,hp/manuals/HP-28S.pdf
HP-28S,Left keypad (alpha / menu-selection panel),3,Q,shift,red,CATALOG,,26–27,28–29,307–326; 327–331,309–333,hp/manuals/HP-28S.pdf
HP-28S,Left keypad (alpha / menu-selection panel),3,R,none,,R,,26–27,28–29,307–326; 327–331,309–333,hp/manuals/HP-28S.pdf
HP-28S,Left keypad (alpha / menu-selection panel),3,R,shift,red,UNITS,,26–27,28–29,307–326; 327–331,309–333,hp/manuals/HP-28S.pdf
HP-28S,Left keypad (alpha / menu-selection panel),4,S,none,,S,,26–27,28–29,307–326; 327–331,309–333,hp/manuals/HP-28S.pdf
HP-28S,Left keypad (alpha / menu-selection panel),4,S,shift,red,≤,,26–27,28–29,307–326; 327–331,309–333,hp/manuals/HP-28S.pdf
HP-28S,Left keypad (alpha / menu-selection panel),4,T,none,,T,percent of total,26–27,28–29,307–326; 327–331,309–333,hp/manuals/HP-28S.pdf
HP-28S,Left keypad (alpha / menu-selection panel),4,T,shift,red,≥,,26–27,28–29,307–326; 327–331,309–333,hp/manuals/HP-28S.pdf
HP-28S,Left keypad (alpha / menu-selection panel),4,U,none,,U,,26–27,28–29,307–326; 327–331,309–333,hp/manuals/HP-28S.pdf
HP-28S,Left keypad (alpha / menu-selection panel),4,U,shift,red,→,,26–27,28–29,307–326; 327–331,309–333,hp/manuals/HP-28S.pdf
HP-28S,Left keypad (alpha / menu-selection panel),4,V,none,,V,,26–27,28–29,307–326; 327–331,309–333,hp/manuals/HP-28S.pdf
HP-28S,Left keypad (alpha / menu-selection panel),4,V,shift,red,Σ,,26–27,28–29,307–326; 327–331,309–333,hp/manuals/HP-28S.pdf
HP-28S,Left keypad (alpha / menu-selection panel),4,W,none,,W,scale plot width,26–27,28–29,307–326; 327–331,309–333,hp/manuals/HP-28S.pdf
HP-28S,Left keypad (alpha / menu-selection panel),4,W,shift,red,°,,26–27,28–29,307–326; 327–331,309–333,hp/manuals/HP-28S.pdf
HP-28S,Left keypad (alpha / menu-selection panel),4,X,none,,X,,26–27,28–29,307–326; 327–331,309–333,hp/manuals/HP-28S.pdf
HP-28S,Left keypad (alpha / menu-selection panel),4,X,shift,red,µ,,26–27,28–29,307–326; 327–331,309–333,hp/manuals/HP-28S.pdf
HP-28S,Left keypad (alpha / menu-selection panel),5,Y,none,,Y,,26–27,28–29,307–326; 327–331,309–333,hp/manuals/HP-28S.pdf
HP-28S,Left keypad (alpha / menu-selection panel),5,Y,shift,red,<,,26–27,28–29,307–326; 327–331,309–333,hp/manuals/HP-28S.pdf
HP-28S,Left keypad (alpha / menu-selection panel),5,Z,none,,Z,,26–27,28–29,307–326; 327–331,309–333,hp/manuals/HP-28S.pdf
HP-28S,Left keypad (alpha / menu-selection panel),5,Z,shift,red,>,,26–27,28–29,307–326; 327–331,309–333,hp/manuals/HP-28S.pdf
HP-28S,Left keypad (alpha / menu-selection panel),5,#,none,,#,,26–27,28–29,307–326; 327–331,309–333,hp/manuals/HP-28S.pdf
HP-28S,Left keypad (alpha / menu-selection panel),5,#,shift,red,"""",,26–27,28–29,307–326; 327–331,309–333,hp/manuals/HP-28S.pdf
HP-28S,Left keypad (alpha / menu-selection panel),5,{,none,,{,,26–27,28–29,307–326; 327–331,309–333,hp/manuals/HP-28S.pdf
HP-28S,Left keypad (alpha / menu-selection panel),5,{,shift,red,},,26–27,28–29,307–326; 327–331,309–333,hp/manuals/HP-28S.pdf
HP-28S,Left keypad (alpha / menu-selection panel),5,[,none,,[,,26–27,28–29,307–326; 327–331,309–333,hp/manuals/HP-28S.pdf
HP-28S,Left keypad (alpha / menu-selection panel),5,[,shift,red,],,26–27,28–29,307–326; 327–331,309–333,hp/manuals/HP-28S.pdf
HP-28S,Left keypad (alpha / menu-selection panel),5,(,none,,(,,26–27,28–29,307–326; 327–331,309–333,hp/manuals/HP-28S.pdf
HP-28S,Left keypad (alpha / menu-selection panel),5,(,shift,red,),,26–27,28–29,307–326; 327–331,309–333,hp/manuals/HP-28S.pdf
HP-28S,Left keypad (alpha / menu-selection panel),6,SPACE,none,,SPACE,,26–27,28–29,307–326; 327–331,309–333,hp/manuals/HP-28S.pdf
HP-28S,Left keypad (alpha / menu-selection panel),6,SPACE,shift,red,NEWLINE,,26–27,28–29,307–326; 327–331,309–333,hp/manuals/HP-28S.pdf
HP-28S,Left keypad (alpha / menu-selection panel),6,«,none,,«,,26–27,28–29,307–326; 327–331,309–333,hp/manuals/HP-28S.pdf
HP-28S,Left keypad (alpha / menu-selection panel),6,«,shift,red,≫,,26–27,28–29,307–326; 327–331,309–333,hp/manuals/HP-28S.pdf
HP-28S,Left keypad (alpha / menu-selection panel),6,=,none,,=,,26–27,28–29,307–326; 327–331,309–333,hp/manuals/HP-28S.pdf
HP-28S,Left keypad (alpha / menu-selection panel),6,=,shift,red,≠,,26–27,28–29,307–326; 327–331,309–333,hp/manuals/HP-28S.pdf
HP-28S,Left keypad (alpha / menu-selection panel),6,LC,none,,LC,,26–27,28–29,307–326; 327–331,309–333,hp/manuals/HP-28S.pdf
HP-28S,Left keypad (alpha / menu-selection panel),6,LC,shift,red,?,,26–27,28–29,307–326; 327–331,309–333,hp/manuals/HP-28S.pdf
HP-28S,Left keypad (alpha / menu-selection panel),6,α,none,,α,,26–27,28–29,307–326; 327–331,309–333,hp/manuals/HP-28S.pdf
HP-28S,Left keypad (alpha / menu-selection panel),6,α,shift,red,MENUS,toggle menu lock,26–27,28–29,307–326; 327–331,309–333,hp/manuals/HP-28S.pdf
HP-28S,Right keypad (numeric / function panel),1,(menu key),none,,(menu key),,26–27,28–29,307–326; 327–331,309–333,hp/manuals/HP-28S.pdf
HP-28S,Right keypad (numeric / function panel),1,(menu key),shift,red,INS,,26–27,28–29,307–326; 327–331,309–333,hp/manuals/HP-28S.pdf
HP-28S,Right keypad (numeric / function panel),1,(menu key),none,,(menu key),,26–27,28–29,307–326; 327–331,309–333,hp/manuals/HP-28S.pdf
HP-28S,Right keypad (numeric / function panel),1,(menu key),shift,red,DEL,,26–27,28–29,307–326; 327–331,309–333,hp/manuals/HP-28S.pdf
HP-28S,Right keypad (numeric / function panel),1,(menu key),none,,(menu key),,26–27,28–29,307–326; 327–331,309–333,hp/manuals/HP-28S.pdf
HP-28S,Right keypad (numeric / function panel),1,(menu key),shift,red,▲,,26–27,28–29,307–326; 327–331,309–333,hp/manuals/HP-28S.pdf
HP-28S,Right keypad (numeric / function panel),1,(menu key),none,,(menu key),,26–27,28–29,307–326; 327–331,309–333,hp/manuals/HP-28S.pdf
HP-28S,Right keypad (numeric / function panel),1,(menu key),shift,red,▼,,26–27,28–29,307–326; 327–331,309–333,hp/manuals/HP-28S.pdf
HP-28S,Right keypad (numeric / function panel),1,(menu key),none,,(menu key),,26–27,28–29,307–326; 327–331,309–333,hp/manuals/HP-28S.pdf
HP-28S,Right keypad (numeric / function panel),1,(menu key),shift,red,◄,,26–27,28–29,307–326; 327–331,309–333,hp/manuals/HP-28S.pdf
HP-28S,Right keypad (numeric / function panel),1,(menu key),none,,(menu key),,26–27,28–29,307–326; 327–331,309–333,hp/manuals/HP-28S.pdf
HP-28S,Right keypad (numeric / function panel),1,(menu key),shift,red,►,,26–27,28–29,307–326; 327–331,309–333,hp/manuals/HP-28S.pdf
HP-28S,Right keypad (numeric / function panel),2,(red shift),none,,(red shift),,26–27,28–29,307–326; 327–331,309–333,hp/manuals/HP-28S.pdf
HP-28S,Right keypad (numeric / function panel),2,◄▶ (mode key),none,,◄▶ (mode key),,26–27,28–29,307–326; 327–331,309–333,hp/manuals/HP-28S.pdf
HP-28S,Right keypad (numeric / function panel),2,◄▶ (mode key),shift,red,MODE,,26–27,28–29,307–326; 327–331,309–333,hp/manuals/HP-28S.pdf
HP-28S,Right keypad (numeric / function panel),2,TRIG,none,,TRIG,,26–27,28–29,307–326; 327–331,309–333,hp/manuals/HP-28S.pdf
HP-28S,Right keypad (numeric / function panel),2,TRIG,shift,red,LOGS,,26–27,28–29,307–326; 327–331,309–333,hp/manuals/HP-28S.pdf
HP-28S,Right keypad (numeric / function panel),2,SOLV,none,,SOLV,,26–27,28–29,307–326; 327–331,309–333,hp/manuals/HP-28S.pdf
HP-28S,Right keypad (numeric / function panel),2,SOLV,shift,red,PLOT,,26–27,28–29,307–326; 327–331,309–333,hp/manuals/HP-28S.pdf
HP-28S,Right keypad (numeric / function panel),2,USER,none,,USER,,26–27,28–29,307–326; 327–331,309–333,hp/manuals/HP-28S.pdf
HP-28S,Right keypad (numeric / function panel),2,USER,shift,red,CUSTOM,show last custom menu,26–27,28–29,307–326; 327–331,309–333,hp/manuals/HP-28S.pdf
HP-28S,Right keypad (numeric / function panel),2,NEXT,none,,NEXT,"close loop, step by 1",26–27,28–29,307–326; 327–331,309–333,hp/manuals/HP-28S.pdf
HP-28S,Right keypad (numeric / function panel),2,NEXT,shift,red,PREV,,26–27,28–29,307–326; 327–331,309–333,hp/manuals/HP-28S.pdf
HP-28S,Right keypad (numeric / function panel),3,ENTER,none,,ENTER,,26–27,28–29,307–326; 327–331,309–333,hp/manuals/HP-28S.pdf
HP-28S,Right keypad (numeric / function panel),3,ENTER,shift,red,EDIT,edit level-1 object,26–27,28–29,307–326; 327–331,309–333,hp/manuals/HP-28S.pdf
HP-28S,Right keypad (numeric / function panel),3,CHS,none,,CHS,change sign / negate,26–27,28–29,307–326; 327–331,309–333,hp/manuals/HP-28S.pdf
HP-28S,Right keypad (numeric / function panel),3,CHS,shift,red,VIEW▲,scroll display up,26–27,28–29,307–326; 327–331,309–333,hp/manuals/HP-28S.pdf
HP-28S,Right keypad (numeric / function panel),3,EEX,none,,EEX,enter power-of-ten exponent,26–27,28–29,307–326; 327–331,309–333,hp/manuals/HP-28S.pdf
HP-28S,Right keypad (numeric / function panel),3,EEX,shift,red,VIEW▼,scroll display down,26–27,28–29,307–326; 327–331,309–333,hp/manuals/HP-28S.pdf
HP-28S,Right keypad (numeric / function panel),3,DROP,none,,DROP,drop level 1,26–27,28–29,307–326; 327–331,309–333,hp/manuals/HP-28S.pdf
HP-28S,Right keypad (numeric / function panel),3,DROP,shift,red,ROLL,roll nth object to level 1,26–27,28–29,307–326; 327–331,309–333,hp/manuals/HP-28S.pdf
HP-28S,Right keypad (numeric / function panel),3,◆,none,,◆,,26–27,28–29,307–326; 327–331,309–333,hp/manuals/HP-28S.pdf
HP-28S,Right keypad (numeric / function panel),3,◆,shift,red,SWAP,exchange levels 1 and 2,26–27,28–29,307–326; 327–331,309–333,hp/manuals/HP-28S.pdf
HP-28S,Right keypad (numeric / function panel),4,\,none,,\,,26–27,28–29,307–326; 327–331,309–333,hp/manuals/HP-28S.pdf
HP-28S,Right keypad (numeric / function panel),4,7,none,,7,digit 7,26–27,28–29,307–326; 327–331,309–333,hp/manuals/HP-28S.pdf
HP-28S,Right keypad (numeric / function panel),4,7,shift,red,COMMAND,,26–27,28–29,307–326; 327–331,309–333,hp/manuals/HP-28S.pdf
HP-28S,Right keypad (numeric / function panel),4,8,none,,8,digit 8,26–27,28–29,307–326; 327–331,309–333,hp/manuals/HP-28S.pdf
HP-28S,Right keypad (numeric / function panel),4,8,shift,red,UNDO,toggle UNDO stack saving,26–27,28–29,307–326; 327–331,309–333,hp/manuals/HP-28S.pdf
HP-28S,Right keypad (numeric / function panel),4,9,none,,9,digit 9,26–27,28–29,307–326; 327–331,309–333,hp/manuals/HP-28S.pdf
HP-28S,Right keypad (numeric / function panel),4,9,shift,red,LAST,toggle LAST-arguments saving,26–27,28–29,307–326; 327–331,309–333,hp/manuals/HP-28S.pdf
HP-28S,Right keypad (numeric / function panel),4,÷,none,,÷,,26–27,28–29,307–326; 327–331,309–333,hp/manuals/HP-28S.pdf
HP-28S,Right keypad (numeric / function panel),4,÷,shift,red,1/x,reciprocal,26–27,28–29,307–326; 327–331,309–333,hp/manuals/HP-28S.pdf
HP-28S,Right keypad (numeric / function panel),5,STO,none,,STO,store into variable,26–27,28–29,307–326; 327–331,309–333,hp/manuals/HP-28S.pdf
HP-28S,Right keypad (numeric / function panel),5,STO,shift,red,RCL,recall variable contents,26–27,28–29,307–326; 327–331,309–333,hp/manuals/HP-28S.pdf
HP-28S,Right keypad (numeric / function panel),5,4,none,,4,digit 4,26–27,28–29,307–326; 327–331,309–333,hp/manuals/HP-28S.pdf
HP-28S,Right keypad (numeric / function panel),5,4,shift,red,PURGE,delete variables,26–27,28–29,307–326; 327–331,309–333,hp/manuals/HP-28S.pdf
HP-28S,Right keypad (numeric / function panel),5,5,none,,5,digit 5,26–27,28–29,307–326; 327–331,309–333,hp/manuals/HP-28S.pdf
HP-28S,Right keypad (numeric / function panel),5,5,shift,red,∫,definite/indefinite integral,26–27,28–29,307–326; 327–331,309–333,hp/manuals/HP-28S.pdf
HP-28S,Right keypad (numeric / function panel),5,6,none,,6,digit 6,26–27,28–29,307–326; 327–331,309–333,hp/manuals/HP-28S.pdf
HP-28S,Right keypad (numeric / function panel),5,6,shift,red,d/dx,derivative,26–27,28–29,307–326; 327–331,309–333,hp/manuals/HP-28S.pdf
HP-28S,Right keypad (numeric / function panel),5,×,none,,×,,26–27,28–29,307–326; 327–331,309–333,hp/manuals/HP-28S.pdf
HP-28S,Right keypad (numeric / function panel),5,×,shift,red,^,raise to a power,26–27,28–29,307–326; 327–331,309–333,hp/manuals/HP-28S.pdf
HP-28S,Right keypad (numeric / function panel),6,EVAL,none,,EVAL,evaluate an object,26–27,28–29,307–326; 327–331,309–333,hp/manuals/HP-28S.pdf
HP-28S,Right keypad (numeric / function panel),6,EVAL,shift,red,→NUM,force numeric result,26–27,28–29,307–326; 327–331,309–333,hp/manuals/HP-28S.pdf
HP-28S,Right keypad (numeric / function panel),6,1,none,,1,digit 1,26–27,28–29,307–326; 327–331,309–333,hp/manuals/HP-28S.pdf
HP-28S,Right keypad (numeric / function panel),6,1,shift,red,CONT,resume halted program,26–27,28–29,307–326; 327–331,309–333,hp/manuals/HP-28S.pdf
HP-28S,Right keypad (numeric / function panel),6,2,none,,2,digit 2,26–27,28–29,307–326; 327–331,309–333,hp/manuals/HP-28S.pdf
HP-28S,Right keypad (numeric / function panel),6,2,shift,red,%,percent,26–27,28–29,307–326; 327–331,309–333,hp/manuals/HP-28S.pdf
HP-28S,Right keypad (numeric / function panel),6,3,none,,3,digit 3,26–27,28–29,307–326; 327–331,309–333,hp/manuals/HP-28S.pdf
HP-28S,Right keypad (numeric / function panel),6,3,shift,red,%CH,percent change,26–27,28–29,307–326; 327–331,309–333,hp/manuals/HP-28S.pdf
HP-28S,Right keypad (numeric / function panel),6,−,none,,−,,26–27,28–29,307–326; 327–331,309–333,hp/manuals/HP-28S.pdf
HP-28S,Right keypad (numeric / function panel),6,−,shift,red,√x,square root,26–27,28–29,307–326; 327–331,309–333,hp/manuals/HP-28S.pdf
HP-28S,Right keypad (numeric / function panel),7,ON,none,,ON,power on/off,26–27,28–29,307–326; 327–331,309–333,hp/manuals/HP-28S.pdf
HP-28S,Right keypad (numeric / function panel),7,ON,shift,red,OFF,power on/off,26–27,28–29,307–326; 327–331,309–333,hp/manuals/HP-28S.pdf
HP-28S,Right keypad (numeric / function panel),7,0,none,,0,digit 0,26–27,28–29,307–326; 327–331,309–333,hp/manuals/HP-28S.pdf
HP-28S,Right keypad (numeric / function panel),7,0,shift,red,CLEAR,clear the stack,26–27,28–29,307–326; 327–331,309–333,hp/manuals/HP-28S.pdf
HP-28S,Right keypad (numeric / function panel),7,.,none,,.,decimal point,26–27,28–29,307–326; 327–331,309–333,hp/manuals/HP-28S.pdf
HP-28S,Right keypad (numeric / function panel),7,.,shift,red,π,pi constant,26–27,28–29,307–326; 327–331,309–333,hp/manuals/HP-28S.pdf
HP-28S,Right keypad (numeric / function panel),7,",",none,,",",decimal point,26–27,28–29,307–326; 327–331,309–333,hp/manuals/HP-28S.pdf
HP-28S,Right keypad (numeric / function panel),7,",",shift,red,CONVERT,unit conversion,26–27,28–29,307–326; 327–331,309–333,hp/manuals/HP-28S.pdf
HP-28S,Right keypad (numeric / function panel),7,+,none,,+,,26–27,28–29,307–326; 327–331,309–333,hp/manuals/HP-28S.pdf
HP-28S,Right keypad (numeric / function panel),7,+,shift,red,x²,square,26–27,28–29,307–326; 327–331,309–333,hp/manuals/HP-28S.pdf
HP-42S,,1,Σ+,none,,Σ+,"accumulate an x,y data pair",18–22,2,310–335,318–343,hp/manuals/HP-42S.pdf
HP-42S,,1,Σ+,shift,orange,Σ−,"remove an x,y data pair",18–22,2,310–335,318–343,hp/manuals/HP-42S.pdf
HP-42S,,1,1/x,none,,1/x,reciprocal,18–22,2,310–335,318–343,hp/manuals/HP-42S.pdf
HP-42S,,1,1/x,shift,orange,yˣ,,18–22,2,310–335,318–343,hp/manuals/HP-42S.pdf
HP-42S,,1,√x,none,,√x,,18–22,2,310–335,318–343,hp/manuals/HP-42S.pdf
HP-42S,,1,√x,shift,orange,x²,,18–22,2,310–335,318–343,hp/manuals/HP-42S.pdf
HP-42S,,1,LOG,none,,LOG,common logarithm,18–22,2,310–335,318–343,hp/manuals/HP-42S.pdf
HP-42S,,1,LOG,shift,orange,10ˣ,,18–22,2,310–335,318–343,hp/manuals/HP-42S.pdf
HP-42S,,1,LN,none,,LN,natural logarithm,18–22,2,310–335,318–343,hp/manuals/HP-42S.pdf
HP-42S,,1,LN,shift,orange,eˣ,,18–22,2,310–335,318–343,hp/manuals/HP-42S.pdf
HP-42S,,1,XEQ,none,,XEQ,execute a function or program,18–22,2,310–335,318–343,hp/manuals/HP-42S.pdf
HP-42S,,1,XEQ,shift,orange,GTO,branch to a label,18–22,2,310–335,318–343,hp/manuals/HP-42S.pdf
HP-42S,,2,STO,none,,STO,store x,18–22,2,310–335,318–343,hp/manuals/HP-42S.pdf
HP-42S,,2,STO,shift,orange,COMPLEX,combine/split real ↔ complex,18–22,2,310–335,318–343,hp/manuals/HP-42S.pdf
HP-42S,,2,RCL,none,,RCL,recall to x,18–22,2,310–335,318–343,hp/manuals/HP-42S.pdf
HP-42S,,2,RCL,shift,orange,%,percent,18–22,2,310–335,318–343,hp/manuals/HP-42S.pdf
HP-42S,,2,R↓,none,,R↓,roll stack down,18–22,2,310–335,318–343,hp/manuals/HP-42S.pdf
HP-42S,,2,R↓,shift,orange,π,recall π,18–22,2,310–335,318–343,hp/manuals/HP-42S.pdf
HP-42S,,2,SIN,none,,SIN,sine,18–22,2,310–335,318–343,hp/manuals/HP-42S.pdf
HP-42S,,2,SIN,shift,orange,ASIN,arc sine,18–22,2,310–335,318–343,hp/manuals/HP-42S.pdf
HP-42S,,2,COS,none,,COS,cosine,18–22,2,310–335,318–343,hp/manuals/HP-42S.pdf
HP-42S,,2,COS,shift,orange,ACOS,arc cosine,18–22,2,310–335,318–343,hp/manuals/HP-42S.pdf
HP-42S,,2,TAN,none,,TAN,tangent,18–22,2,310–335,318–343,hp/manuals/HP-42S.pdf
HP-42S,,2,TAN,shift,orange,ATAN,arc tangent,18–22,2,310–335,318–343,hp/manuals/HP-42S.pdf
HP-42S,,3,ENTER,none,,ENTER,"duplicate x, separate entries",18–22,2,310–335,318–343,hp/manuals/HP-42S.pdf
HP-42S,,3,ENTER,shift,orange,ALPHA,select the ALPHA menu,18–22,2,310–335,318–343,hp/manuals/HP-42S.pdf
HP-42S,,3,x⇄y,none,,x⇄y,swap X and Y,18–22,2,310–335,318–343,hp/manuals/HP-42S.pdf
HP-42S,,3,x⇄y,shift,orange,LAST x,recall last x,18–22,2,310–335,318–343,hp/manuals/HP-42S.pdf
HP-42S,,3,+/−,none,,+/−,change sign,18–22,2,310–335,318–343,hp/manuals/HP-42S.pdf
HP-42S,,3,+/−,shift,orange,MODES,select the MODES menu,18–22,2,310–335,318–343,hp/manuals/HP-42S.pdf
HP-42S,,3,E,none,,E,enter power-of-ten exponent,18–22,2,310–335,318–343,hp/manuals/HP-42S.pdf
HP-42S,,3,E,shift,orange,DISP,select the DISP menu,18–22,2,310–335,318–343,hp/manuals/HP-42S.pdf
HP-42S,,3,←,none,,←,move one element left,18–22,2,310–335,318–343,hp/manuals/HP-42S.pdf
HP-42S,,3,←,shift,orange,CLEAR,select the CLEAR menu,18–22,2,310–335,318–343,hp/manuals/HP-42S.pdf
HP-42S,,4,▲,none,,▲,,18–22,2,310–335,318–343,hp/manuals/HP-42S.pdf
HP-42S,,4,▲,shift,orange,BST,back-step the program pointer,18–22,2,310–335,318–343,hp/manuals/HP-42S.pdf
HP-42S,,4,7,none,,7,digit 7,18–22,2,310–335,318–343,hp/manuals/HP-42S.pdf
HP-42S,,4,7,shift,orange,SOLVER,select the SOLVER menu,18–22,2,310–335,318–343,hp/manuals/HP-42S.pdf
HP-42S,,4,8,none,,8,digit 8,18–22,2,310–335,318–343,hp/manuals/HP-42S.pdf
HP-42S,,4,8,shift,orange,∫f(x),select the integration menu,18–22,2,310–335,318–343,hp/manuals/HP-42S.pdf
HP-42S,,4,9,none,,9,digit 9,18–22,2,310–335,318–343,hp/manuals/HP-42S.pdf
HP-42S,,4,9,shift,orange,MATRIX,,18–22,2,310–335,318–343,hp/manuals/HP-42S.pdf
HP-42S,,4,÷,none,,÷,division,18–22,2,310–335,318–343,hp/manuals/HP-42S.pdf
HP-42S,,4,÷,shift,orange,STAT,select the STAT menu,18–22,2,310–335,318–343,hp/manuals/HP-42S.pdf
HP-42S,,5,▼,none,,▼,,18–22,2,310–335,318–343,hp/manuals/HP-42S.pdf
HP-42S,,5,▼,shift,orange,SST,single-step the program pointer,18–22,2,310–335,318–343,hp/manuals/HP-42S.pdf
HP-42S,,5,4,none,,4,digit 4,18–22,2,310–335,318–343,hp/manuals/HP-42S.pdf
HP-42S,,5,4,shift,orange,BASE,select the BASE menu,18–22,2,310–335,318–343,hp/manuals/HP-42S.pdf
HP-42S,,5,5,none,,5,digit 5,18–22,2,310–335,318–343,hp/manuals/HP-42S.pdf
HP-42S,,5,5,shift,orange,CONVERT,select the CONVERT menu,18–22,2,310–335,318–343,hp/manuals/HP-42S.pdf
HP-42S,,5,6,none,,6,digit 6,18–22,2,310–335,318–343,hp/manuals/HP-42S.pdf
HP-42S,,5,6,shift,orange,FLAGS,select the FLAGS menu,18–22,2,310–335,318–343,hp/manuals/HP-42S.pdf
HP-42S,,5,×,none,,×,multiplication,18–22,2,310–335,318–343,hp/manuals/HP-42S.pdf
HP-42S,,5,×,shift,orange,PROB,select the PROB menu,18–22,2,310–335,318–343,hp/manuals/HP-42S.pdf
HP-42S,,6,■ (shift),none,,■ (shift),,18–22,2,310–335,318–343,hp/manuals/HP-42S.pdf
HP-42S,,6,1,none,,1,digit 1,18–22,2,310–335,318–343,hp/manuals/HP-42S.pdf
HP-42S,,6,1,shift,orange,ASSIGN,assign a function to a CUSTOM key,18–22,2,310–335,318–343,hp/manuals/HP-42S.pdf
HP-42S,,6,2,none,,2,digit 2,18–22,2,310–335,318–343,hp/manuals/HP-42S.pdf
HP-42S,,6,2,shift,orange,CUSTOM,select the CUSTOM menu,18–22,2,310–335,318–343,hp/manuals/HP-42S.pdf
HP-42S,,6,3,none,,3,digit 3,18–22,2,310–335,318–343,hp/manuals/HP-42S.pdf
HP-42S,,6,3,shift,orange,PGM.FCN,select the programming-functions menu,18–22,2,310–335,318–343,hp/manuals/HP-42S.pdf
HP-42S,,6,−,none,,−,subtraction,18–22,2,310–335,318–343,hp/manuals/HP-42S.pdf
HP-42S,,6,−,shift,orange,PRINT,select the PRINT menu,18–22,2,310–335,318–343,hp/manuals/HP-42S.pdf
HP-42S,,7,EXIT,none,,EXIT,exit the current menu,18–22,2,310–335,318–343,hp/manuals/HP-42S.pdf
HP-42S,,7,EXIT,shift,orange,OFF,turn the calculator off,18–22,2,310–335,318–343,hp/manuals/HP-42S.pdf
HP-42S,,7,0,none,,0,digit 0,18–22,2,310–335,318–343,hp/manuals/HP-42S.pdf
HP-42S,,7,0,shift,orange,TOP.FCN,,18–22,2,310–335,318–343,hp/manuals/HP-42S.pdf
HP-42S,,7,.,none,,.,decimal point,18–22,2,310–335,318–343,hp/manuals/HP-42S.pdf
HP-42S,,7,.,shift,orange,SHOW,show full precision briefly,18–22,2,310–335,318–343,hp/manuals/HP-42S.pdf
HP-42S,,7,R/S,none,,R/S,run / stop a program,18–22,2,310–335,318–343,hp/manuals/HP-42S.pdf
HP-42S,,7,R/S,shift,orange,PRGM,toggle program-entry mode,18–22,2,310–335,318–343,hp/manuals/HP-42S.pdf
HP-42S,,7,+,none,,+,addition,18–22,2,310–335,318–343,hp/manuals/HP-42S.pdf
HP-42S,,7,+,shift,orange,CATALOG,select the CATALOG menu,18–22,2,310–335,318–343,hp/manuals/HP-42S.pdf
HP-48SX,,1,(blank),none,,(blank),create a blank graphic,25–26,29–30,137–150; 119; 61; 225; 259–274; 293–343; 345–347; 360–361; 371–390; 392–398; 443–460,61–460,hp/manuals/HP-48SX.pdf
HP-48SX,,1,(blank),alpha,,A,,25–26,29–30,137–150; 119; 61; 225; 259–274; 293–343; 345–347; 360–361; 371–390; 392–398; 443–460,61–460,hp/manuals/HP-48SX.pdf
HP-48SX,,1,(blank),none,,(blank),create a blank graphic,25–26,29–30,137–150; 119; 61; 225; 259–274; 293–343; 345–347; 360–361; 371–390; 392–398; 443–460,61–460,hp/manuals/HP-48SX.pdf
HP-48SX,,1,(blank),alpha,,B,,25–26,29–30,137–150; 119; 61; 225; 259–274; 293–343; 345–347; 360–361; 371–390; 392–398; 443–460,61–460,hp/manuals/HP-48SX.pdf
HP-48SX,,1,(blank),none,,(blank),create a blank graphic,25–26,29–30,137–150; 119; 61; 225; 259–274; 293–343; 345–347; 360–361; 371–390; 392–398; 443–460,61–460,hp/manuals/HP-48SX.pdf
HP-48SX,,1,(blank),alpha,,C,,25–26,29–30,137–150; 119; 61; 225; 259–274; 293–343; 345–347; 360–361; 371–390; 392–398; 443–460,61–460,hp/manuals/HP-48SX.pdf
HP-48SX,,1,(blank),none,,(blank),create a blank graphic,25–26,29–30,137–150; 119; 61; 225; 259–274; 293–343; 345–347; 360–361; 371–390; 392–398; 443–460,61–460,hp/manuals/HP-48SX.pdf
HP-48SX,,1,(blank),alpha,,D,,25–26,29–30,137–150; 119; 61; 225; 259–274; 293–343; 345–347; 360–361; 371–390; 392–398; 443–460,61–460,hp/manuals/HP-48SX.pdf
HP-48SX,,1,(blank),none,,(blank),create a blank graphic,25–26,29–30,137–150; 119; 61; 225; 259–274; 293–343; 345–347; 360–361; 371–390; 392–398; 443–460,61–460,hp/manuals/HP-48SX.pdf
HP-48SX,,1,(blank),alpha,,E,,25–26,29–30,137–150; 119; 61; 225; 259–274; 293–343; 345–347; 360–361; 371–390; 392–398; 443–460,61–460,hp/manuals/HP-48SX.pdf
HP-48SX,,1,(blank),none,,(blank),create a blank graphic,25–26,29–30,137–150; 119; 61; 225; 259–274; 293–343; 345–347; 360–361; 371–390; 392–398; 443–460,61–460,hp/manuals/HP-48SX.pdf
HP-48SX,,1,(blank),alpha,,F,,25–26,29–30,137–150; 119; 61; 225; 259–274; 293–343; 345–347; 360–361; 371–390; 392–398; 443–460,61–460,hp/manuals/HP-48SX.pdf
HP-48SX,,2,MTH,none,,MTH,,25–26,29–30,137–150; 119; 61; 225; 259–274; 293–343; 345–347; 360–361; 371–390; 392–398; 443–460,61–460,hp/manuals/HP-48SX.pdf
HP-48SX,,2,MTH,left,,PRINT,print an object,25–26,29–30,137–150; 119; 61; 225; 259–274; 293–343; 345–347; 360–361; 371–390; 392–398; 443–460,61–460,hp/manuals/HP-48SX.pdf
HP-48SX,,2,MTH,alpha,,G,,25–26,29–30,137–150; 119; 61; 225; 259–274; 293–343; 345–347; 360–361; 371–390; 392–398; 443–460,61–460,hp/manuals/HP-48SX.pdf
HP-48SX,,2,PRG,none,,PRG,,25–26,29–30,137–150; 119; 61; 225; 259–274; 293–343; 345–347; 360–361; 371–390; 392–398; 443–460,61–460,hp/manuals/HP-48SX.pdf
HP-48SX,,2,PRG,left,,I/O,,25–26,29–30,137–150; 119; 61; 225; 259–274; 293–343; 345–347; 360–361; 371–390; 392–398; 443–460,61–460,hp/manuals/HP-48SX.pdf
HP-48SX,,2,PRG,alpha,,H,,25–26,29–30,137–150; 119; 61; 225; 259–274; 293–343; 345–347; 360–361; 371–390; 392–398; 443–460,61–460,hp/manuals/HP-48SX.pdf
HP-48SX,,2,CST,none,,CST,display the custom menu,25–26,29–30,137–150; 119; 61; 225; 259–274; 293–343; 345–347; 360–361; 371–390; 392–398; 443–460,61–460,hp/manuals/HP-48SX.pdf
HP-48SX,,2,CST,left,,MODES,,25–26,29–30,137–150; 119; 61; 225; 259–274; 293–343; 345–347; 360–361; 371–390; 392–398; 443–460,61–460,hp/manuals/HP-48SX.pdf
HP-48SX,,2,CST,alpha,,I,,25–26,29–30,137–150; 119; 61; 225; 259–274; 293–343; 345–347; 360–361; 371–390; 392–398; 443–460,61–460,hp/manuals/HP-48SX.pdf
HP-48SX,,2,VAR,none,,VAR,variances,25–26,29–30,137–150; 119; 61; 225; 259–274; 293–343; 345–347; 360–361; 371–390; 392–398; 443–460,61–460,hp/manuals/HP-48SX.pdf
HP-48SX,,2,VAR,left,,MEMORY,,25–26,29–30,137–150; 119; 61; 225; 259–274; 293–343; 345–347; 360–361; 371–390; 392–398; 443–460,61–460,hp/manuals/HP-48SX.pdf
HP-48SX,,2,VAR,alpha,,J,,25–26,29–30,137–150; 119; 61; 225; 259–274; 293–343; 345–347; 360–361; 371–390; 392–398; 443–460,61–460,hp/manuals/HP-48SX.pdf
HP-48SX,,2,▲ (up),none,,▲ (up),,25–26,29–30,137–150; 119; 61; 225; 259–274; 293–343; 345–347; 360–361; 371–390; 392–398; 443–460,61–460,hp/manuals/HP-48SX.pdf
HP-48SX,,2,▲ (up),left,,LIBRARY,,25–26,29–30,137–150; 119; 61; 225; 259–274; 293–343; 345–347; 360–361; 371–390; 392–398; 443–460,61–460,hp/manuals/HP-48SX.pdf
HP-48SX,,2,▲ (up),alpha,,K,,25–26,29–30,137–150; 119; 61; 225; 259–274; 293–343; 345–347; 360–361; 371–390; 392–398; 443–460,61–460,hp/manuals/HP-48SX.pdf
HP-48SX,,2,NXT,none,,NXT,,25–26,29–30,137–150; 119; 61; 225; 259–274; 293–343; 345–347; 360–361; 371–390; 392–398; 443–460,61–460,hp/manuals/HP-48SX.pdf
HP-48SX,,2,NXT,left,,PREV,,25–26,29–30,137–150; 119; 61; 225; 259–274; 293–343; 345–347; 360–361; 371–390; 392–398; 443–460,61–460,hp/manuals/HP-48SX.pdf
HP-48SX,,2,NXT,alpha,,L,,25–26,29–30,137–150; 119; 61; 225; 259–274; 293–343; 345–347; 360–361; 371–390; 392–398; 443–460,61–460,hp/manuals/HP-48SX.pdf
HP-48SX,,3,′ (tick),none,,′ (tick),,25–26,29–30,137–150; 119; 61; 225; 259–274; 293–343; 345–347; 360–361; 371–390; 392–398; 443–460,61–460,hp/manuals/HP-48SX.pdf
HP-48SX,,3,′ (tick),left,,UP,,25–26,29–30,137–150; 119; 61; 225; 259–274; 293–343; 345–347; 360–361; 371–390; 392–398; 443–460,61–460,hp/manuals/HP-48SX.pdf
HP-48SX,,3,′ (tick),right,,HOME,go to the root directory,25–26,29–30,137–150; 119; 61; 225; 259–274; 293–343; 345–347; 360–361; 371–390; 392–398; 443–460,61–460,hp/manuals/HP-48SX.pdf
HP-48SX,,3,′ (tick),alpha,,M,,25–26,29–30,137–150; 119; 61; 225; 259–274; 293–343; 345–347; 360–361; 371–390; 392–398; 443–460,61–460,hp/manuals/HP-48SX.pdf
HP-48SX,,3,STO,none,,STO,store an object,25–26,29–30,137–150; 119; 61; 225; 259–274; 293–343; 345–347; 360–361; 371–390; 392–398; 443–460,61–460,hp/manuals/HP-48SX.pdf
HP-48SX,,3,STO,left,,DEF,,25–26,29–30,137–150; 119; 61; 225; 259–274; 293–343; 345–347; 360–361; 371–390; 392–398; 443–460,61–460,hp/manuals/HP-48SX.pdf
HP-48SX,,3,STO,right,,RCL,recall an object,25–26,29–30,137–150; 119; 61; 225; 259–274; 293–343; 345–347; 360–361; 371–390; 392–398; 443–460,61–460,hp/manuals/HP-48SX.pdf
HP-48SX,,3,STO,alpha,,N,number of data rows,25–26,29–30,137–150; 119; 61; 225; 259–274; 293–343; 345–347; 360–361; 371–390; 392–398; 443–460,61–460,hp/manuals/HP-48SX.pdf
HP-48SX,,3,EVAL,none,,EVAL,evaluate an object,25–26,29–30,137–150; 119; 61; 225; 259–274; 293–343; 345–347; 360–361; 371–390; 392–398; 443–460,61–460,hp/manuals/HP-48SX.pdf
HP-48SX,,3,EVAL,left,,→Q,approximate as a fraction,25–26,29–30,137–150; 119; 61; 225; 259–274; 293–343; 345–347; 360–361; 371–390; 392–398; 443–460,61–460,hp/manuals/HP-48SX.pdf
HP-48SX,,3,EVAL,right,,→NUM,evaluate to a number,25–26,29–30,137–150; 119; 61; 225; 259–274; 293–343; 345–347; 360–361; 371–390; 392–398; 443–460,61–460,hp/manuals/HP-48SX.pdf
HP-48SX,,3,EVAL,alpha,,O,,25–26,29–30,137–150; 119; 61; 225; 259–274; 293–343; 345–347; 360–361; 371–390; 392–398; 443–460,61–460,hp/manuals/HP-48SX.pdf
HP-48SX,,3,◄ (left),none,,◄ (left),,25–26,29–30,137–150; 119; 61; 225; 259–274; 293–343; 345–347; 360–361; 371–390; 392–398; 443–460,61–460,hp/manuals/HP-48SX.pdf
HP-48SX,,3,◄ (left),left,,GRAPH,,25–26,29–30,137–150; 119; 61; 225; 259–274; 293–343; 345–347; 360–361; 371–390; 392–398; 443–460,61–460,hp/manuals/HP-48SX.pdf
HP-48SX,,3,◄ (left),alpha,,P,,25–26,29–30,137–150; 119; 61; 225; 259–274; 293–343; 345–347; 360–361; 371–390; 392–398; 443–460,61–460,hp/manuals/HP-48SX.pdf
HP-48SX,,3,▼ (down),none,,▼ (down),,25–26,29–30,137–150; 119; 61; 225; 259–274; 293–343; 345–347; 360–361; 371–390; 392–398; 443–460,61–460,hp/manuals/HP-48SX.pdf
HP-48SX,,3,▼ (down),left,,REVIEW,,25–26,29–30,137–150; 119; 61; 225; 259–274; 293–343; 345–347; 360–361; 371–390; 392–398; 443–460,61–460,hp/manuals/HP-48SX.pdf
HP-48SX,,3,▼ (down),alpha,,Q,,25–26,29–30,137–150; 119; 61; 225; 259–274; 293–343; 345–347; 360–361; 371–390; 392–398; 443–460,61–460,hp/manuals/HP-48SX.pdf
HP-48SX,,3,► (right),none,,► (right),,25–26,29–30,137–150; 119; 61; 225; 259–274; 293–343; 345–347; 360–361; 371–390; 392–398; 443–460,61–460,hp/manuals/HP-48SX.pdf
HP-48SX,,3,► (right),left,,SWAP,exchange levels 1 and 2,25–26,29–30,137–150; 119; 61; 225; 259–274; 293–343; 345–347; 360–361; 371–390; 392–398; 443–460,61–460,hp/manuals/HP-48SX.pdf
HP-48SX,,3,► (right),alpha,,R,,25–26,29–30,137–150; 119; 61; 225; 259–274; 293–343; 345–347; 360–361; 371–390; 392–398; 443–460,61–460,hp/manuals/HP-48SX.pdf
HP-48SX,,4,SIN,none,,SIN,sine,25–26,29–30,137–150; 119; 61; 225; 259–274; 293–343; 345–347; 360–361; 371–390; 392–398; 443–460,61–460,hp/manuals/HP-48SX.pdf
HP-48SX,,4,SIN,left,,ASIN,arc sine,25–26,29–30,137–150; 119; 61; 225; 259–274; 293–343; 345–347; 360–361; 371–390; 392–398; 443–460,61–460,hp/manuals/HP-48SX.pdf
HP-48SX,,4,SIN,right,,∂,derivative,25–26,29–30,137–150; 119; 61; 225; 259–274; 293–343; 345–347; 360–361; 371–390; 392–398; 443–460,61–460,hp/manuals/HP-48SX.pdf
HP-48SX,,4,SIN,alpha,,S,,25–26,29–30,137–150; 119; 61; 225; 259–274; 293–343; 345–347; 360–361; 371–390; 392–398; 443–460,61–460,hp/manuals/HP-48SX.pdf
HP-48SX,,4,COS,none,,COS,cosine,25–26,29–30,137–150; 119; 61; 225; 259–274; 293–343; 345–347; 360–361; 371–390; 392–398; 443–460,61–460,hp/manuals/HP-48SX.pdf
HP-48SX,,4,COS,left,,ACOS,arc cosine,25–26,29–30,137–150; 119; 61; 225; 259–274; 293–343; 345–347; 360–361; 371–390; 392–398; 443–460,61–460,hp/manuals/HP-48SX.pdf
HP-48SX,,4,COS,right,,∫,integral,25–26,29–30,137–150; 119; 61; 225; 259–274; 293–343; 345–347; 360–361; 371–390; 392–398; 443–460,61–460,hp/manuals/HP-48SX.pdf
HP-48SX,,4,COS,alpha,,T,percent of total,25–26,29–30,137–150; 119; 61; 225; 259–274; 293–343; 345–347; 360–361; 371–390; 392–398; 443–460,61–460,hp/manuals/HP-48SX.pdf
HP-48SX,,4,TAN,none,,TAN,tangent,25–26,29–30,137–150; 119; 61; 225; 259–274; 293–343; 345–347; 360–361; 371–390; 392–398; 443–460,61–460,hp/manuals/HP-48SX.pdf
HP-48SX,,4,TAN,left,,ATAN,arc tangent,25–26,29–30,137–150; 119; 61; 225; 259–274; 293–343; 345–347; 360–361; 371–390; 392–398; 443–460,61–460,hp/manuals/HP-48SX.pdf
HP-48SX,,4,TAN,right,,Σ,summation,25–26,29–30,137–150; 119; 61; 225; 259–274; 293–343; 345–347; 360–361; 371–390; 392–398; 443–460,61–460,hp/manuals/HP-48SX.pdf
HP-48SX,,4,TAN,alpha,,U,,25–26,29–30,137–150; 119; 61; 225; 259–274; 293–343; 345–347; 360–361; 371–390; 392–398; 443–460,61–460,hp/manuals/HP-48SX.pdf
HP-48SX,,4,√x,none,,√x,,25–26,29–30,137–150; 119; 61; 225; 259–274; 293–343; 345–347; 360–361; 371–390; 392–398; 443–460,61–460,hp/manuals/HP-48SX.pdf
HP-48SX,,4,√x,left,,x²,,25–26,29–30,137–150; 119; 61; 225; 259–274; 293–343; 345–347; 360–361; 371–390; 392–398; 443–460,61–460,hp/manuals/HP-48SX.pdf
HP-48SX,,4,√x,right,,ˣ√y,,25–26,29–30,137–150; 119; 61; 225; 259–274; 293–343; 345–347; 360–361; 371–390; 392–398; 443–460,61–460,hp/manuals/HP-48SX.pdf
HP-48SX,,4,√x,alpha,,V,,25–26,29–30,137–150; 119; 61; 225; 259–274; 293–343; 345–347; 360–361; 371–390; 392–398; 443–460,61–460,hp/manuals/HP-48SX.pdf
HP-48SX,,4,yˣ,none,,yˣ,,25–26,29–30,137–150; 119; 61; 225; 259–274; 293–343; 345–347; 360–361; 371–390; 392–398; 443–460,61–460,hp/manuals/HP-48SX.pdf
HP-48SX,,4,yˣ,left,,10ˣ,,25–26,29–30,137–150; 119; 61; 225; 259–274; 293–343; 345–347; 360–361; 371–390; 392–398; 443–460,61–460,hp/manuals/HP-48SX.pdf
HP-48SX,,4,yˣ,right,,LOG,base-10 logarithm,25–26,29–30,137–150; 119; 61; 225; 259–274; 293–343; 345–347; 360–361; 371–390; 392–398; 443–460,61–460,hp/manuals/HP-48SX.pdf
HP-48SX,,4,yˣ,alpha,,W,,25–26,29–30,137–150; 119; 61; 225; 259–274; 293–343; 345–347; 360–361; 371–390; 392–398; 443–460,61–460,hp/manuals/HP-48SX.pdf
HP-48SX,,4,1/x,none,,1/x,,25–26,29–30,137–150; 119; 61; 225; 259–274; 293–343; 345–347; 360–361; 371–390; 392–398; 443–460,61–460,hp/manuals/HP-48SX.pdf
HP-48SX,,4,1/x,left,,eˣ,,25–26,29–30,137–150; 119; 61; 225; 259–274; 293–343; 345–347; 360–361; 371–390; 392–398; 443–460,61–460,hp/manuals/HP-48SX.pdf
HP-48SX,,4,1/x,right,,LN,natural logarithm,25–26,29–30,137–150; 119; 61; 225; 259–274; 293–343; 345–347; 360–361; 371–390; 392–398; 443–460,61–460,hp/manuals/HP-48SX.pdf
HP-48SX,,4,1/x,alpha,,X,,25–26,29–30,137–150; 119; 61; 225; 259–274; 293–343; 345–347; 360–361; 371–390; 392–398; 443–460,61–460,hp/manuals/HP-48SX.pdf
HP-48SX,,5,ENTER,none,,ENTER,,25–26,29–30,137–150; 119; 61; 225; 259–274; 293–343; 345–347; 360–361; 371–390; 392–398; 443–460,61–460,hp/manuals/HP-48SX.pdf
HP-48SX,,5,ENTER,left,,EQUATION,,25–26,29–30,137–150; 119; 61; 225; 259–274; 293–343; 345–347; 360–361; 371–390; 392–398; 443–460,61–460,hp/manuals/HP-48SX.pdf
HP-48SX,,5,ENTER,right,,MATRIX,,25–26,29–30,137–150; 119; 61; 225; 259–274; 293–343; 345–347; 360–361; 371–390; 392–398; 443–460,61–460,hp/manuals/HP-48SX.pdf
HP-48SX,,5,+/−,none,,+/−,,25–26,29–30,137–150; 119; 61; 225; 259–274; 293–343; 345–347; 360–361; 371–390; 392–398; 443–460,61–460,hp/manuals/HP-48SX.pdf
HP-48SX,,5,+/−,left,,EDIT,,25–26,29–30,137–150; 119; 61; 225; 259–274; 293–343; 345–347; 360–361; 371–390; 392–398; 443–460,61–460,hp/manuals/HP-48SX.pdf
HP-48SX,,5,+/−,right,,VISIT,,25–26,29–30,137–150; 119; 61; 225; 259–274; 293–343; 345–347; 360–361; 371–390; 392–398; 443–460,61–460,hp/manuals/HP-48SX.pdf
HP-48SX,,5,+/−,alpha,,Y,,25–26,29–30,137–150; 119; 61; 225; 259–274; 293–343; 345–347; 360–361; 371–390; 392–398; 443–460,61–460,hp/manuals/HP-48SX.pdf
HP-48SX,,5,EEX,none,,EEX,,25–26,29–30,137–150; 119; 61; 225; 259–274; 293–343; 345–347; 360–361; 371–390; 392–398; 443–460,61–460,hp/manuals/HP-48SX.pdf
HP-48SX,,5,EEX,left,,2D,,25–26,29–30,137–150; 119; 61; 225; 259–274; 293–343; 345–347; 360–361; 371–390; 392–398; 443–460,61–460,hp/manuals/HP-48SX.pdf
HP-48SX,,5,EEX,right,,3D,,25–26,29–30,137–150; 119; 61; 225; 259–274; 293–343; 345–347; 360–361; 371–390; 392–398; 443–460,61–460,hp/manuals/HP-48SX.pdf
HP-48SX,,5,EEX,alpha,,Z,,25–26,29–30,137–150; 119; 61; 225; 259–274; 293–343; 345–347; 360–361; 371–390; 392–398; 443–460,61–460,hp/manuals/HP-48SX.pdf
HP-48SX,,5,DEL,none,,DEL,,25–26,29–30,137–150; 119; 61; 225; 259–274; 293–343; 345–347; 360–361; 371–390; 392–398; 443–460,61–460,hp/manuals/HP-48SX.pdf
HP-48SX,,5,DEL,left,,PURGE,delete variables,25–26,29–30,137–150; 119; 61; 225; 259–274; 293–343; 345–347; 360–361; 371–390; 392–398; 443–460,61–460,hp/manuals/HP-48SX.pdf
HP-48SX,,5,◄ (backspace),none,,◄ (backspace),,25–26,29–30,137–150; 119; 61; 225; 259–274; 293–343; 345–347; 360–361; 371–390; 392–398; 443–460,61–460,hp/manuals/HP-48SX.pdf
HP-48SX,,5,◄ (backspace),left,,DROP,discard the level-1 object,25–26,29–30,137–150; 119; 61; 225; 259–274; 293–343; 345–347; 360–361; 371–390; 392–398; 443–460,61–460,hp/manuals/HP-48SX.pdf
HP-48SX,,5,◄ (backspace),right,,CLR,,25–26,29–30,137–150; 119; 61; 225; 259–274; 293–343; 345–347; 360–361; 371–390; 392–398; 443–460,61–460,hp/manuals/HP-48SX.pdf
HP-48SX,,6,α (ALPHA),none,,α (ALPHA),,25–26,29–30,137–150; 119; 61; 225; 259–274; 293–343; 345–347; 360–361; 371–390; 392–398; 443–460,61–460,hp/manuals/HP-48SX.pdf
HP-48SX,,6,α (ALPHA),left,,USR,,25–26,29–30,137–150; 119; 61; 225; 259–274; 293–343; 345–347; 360–361; 371–390; 392–398; 443–460,61–460,hp/manuals/HP-48SX.pdf
HP-48SX,,6,α (ALPHA),right,,ENTRY,,25–26,29–30,137–150; 119; 61; 225; 259–274; 293–343; 345–347; 360–361; 371–390; 392–398; 443–460,61–460,hp/manuals/HP-48SX.pdf
HP-48SX,,6,7,none,,7,digit 7,25–26,29–30,137–150; 119; 61; 225; 259–274; 293–343; 345–347; 360–361; 371–390; 392–398; 443–460,61–460,hp/manuals/HP-48SX.pdf
HP-48SX,,6,7,left,,SOLVE,,25–26,29–30,137–150; 119; 61; 225; 259–274; 293–343; 345–347; 360–361; 371–390; 392–398; 443–460,61–460,hp/manuals/HP-48SX.pdf
HP-48SX,,6,8,none,,8,digit 8,25–26,29–30,137–150; 119; 61; 225; 259–274; 293–343; 345–347; 360–361; 371–390; 392–398; 443–460,61–460,hp/manuals/HP-48SX.pdf
HP-48SX,,6,8,left,,PLOT,,25–26,29–30,137–150; 119; 61; 225; 259–274; 293–343; 345–347; 360–361; 371–390; 392–398; 443–460,61–460,hp/manuals/HP-48SX.pdf
HP-48SX,,6,9,none,,9,digit 9,25–26,29–30,137–150; 119; 61; 225; 259–274; 293–343; 345–347; 360–361; 371–390; 392–398; 443–460,61–460,hp/manuals/HP-48SX.pdf
HP-48SX,,6,9,left,,ALGEBRA,,25–26,29–30,137–150; 119; 61; 225; 259–274; 293–343; 345–347; 360–361; 371–390; 392–398; 443–460,61–460,hp/manuals/HP-48SX.pdf
HP-48SX,,6,÷,none,,÷,divide,25–26,29–30,137–150; 119; 61; 225; 259–274; 293–343; 345–347; 360–361; 371–390; 392–398; 443–460,61–460,hp/manuals/HP-48SX.pdf
HP-48SX,,6,÷,left,,( ),,25–26,29–30,137–150; 119; 61; 225; 259–274; 293–343; 345–347; 360–361; 371–390; 392–398; 443–460,61–460,hp/manuals/HP-48SX.pdf
HP-48SX,,6,÷,right,,#,,25–26,29–30,137–150; 119; 61; 225; 259–274; 293–343; 345–347; 360–361; 371–390; 392–398; 443–460,61–460,hp/manuals/HP-48SX.pdf
HP-48SX,,7,◄ (left-shift key),none,,◄ (left-shift key),,25–26,29–30,137–150; 119; 61; 225; 259–274; 293–343; 345–347; 360–361; 371–390; 392–398; 443–460,61–460,hp/manuals/HP-48SX.pdf
HP-48SX,,7,4,none,,4,digit 4,25–26,29–30,137–150; 119; 61; 225; 259–274; 293–343; 345–347; 360–361; 371–390; 392–398; 443–460,61–460,hp/manuals/HP-48SX.pdf
HP-48SX,,7,4,left,,TIME,current system time,25–26,29–30,137–150; 119; 61; 225; 259–274; 293–343; 345–347; 360–361; 371–390; 392–398; 443–460,61–460,hp/manuals/HP-48SX.pdf
HP-48SX,,7,5,none,,5,digit 5,25–26,29–30,137–150; 119; 61; 225; 259–274; 293–343; 345–347; 360–361; 371–390; 392–398; 443–460,61–460,hp/manuals/HP-48SX.pdf
HP-48SX,,7,5,left,,STAT,,25–26,29–30,137–150; 119; 61; 225; 259–274; 293–343; 345–347; 360–361; 371–390; 392–398; 443–460,61–460,hp/manuals/HP-48SX.pdf
HP-48SX,,7,6,none,,6,digit 6,25–26,29–30,137–150; 119; 61; 225; 259–274; 293–343; 345–347; 360–361; 371–390; 392–398; 443–460,61–460,hp/manuals/HP-48SX.pdf
HP-48SX,,7,6,left,,UNITS,,25–26,29–30,137–150; 119; 61; 225; 259–274; 293–343; 345–347; 360–361; 371–390; 392–398; 443–460,61–460,hp/manuals/HP-48SX.pdf
HP-48SX,,7,×,none,,×,multiply,25–26,29–30,137–150; 119; 61; 225; 259–274; 293–343; 345–347; 360–361; 371–390; 392–398; 443–460,61–460,hp/manuals/HP-48SX.pdf
HP-48SX,,7,×,left,,[ ],,25–26,29–30,137–150; 119; 61; 225; 259–274; 293–343; 345–347; 360–361; 371–390; 392–398; 443–460,61–460,hp/manuals/HP-48SX.pdf
HP-48SX,,7,×,right,,_ (underscore),,25–26,29–30,137–150; 119; 61; 225; 259–274; 293–343; 345–347; 360–361; 371–390; 392–398; 443–460,61–460,hp/manuals/HP-48SX.pdf
HP-48SX,,8,► (right-shift key),none,,► (right-shift key),,25–26,29–30,137–150; 119; 61; 225; 259–274; 293–343; 345–347; 360–361; 371–390; 392–398; 443–460,61–460,hp/manuals/HP-48SX.pdf
HP-48SX,,8,1,none,,1,digit 1,25–26,29–30,137–150; 119; 61; 225; 259–274; 293–343; 345–347; 360–361; 371–390; 392–398; 443–460,61–460,hp/manuals/HP-48SX.pdf
HP-48SX,,8,1,left,,RAD,radians mode,25–26,29–30,137–150; 119; 61; 225; 259–274; 293–343; 345–347; 360–361; 371–390; 392–398; 443–460,61–460,hp/manuals/HP-48SX.pdf
HP-48SX,,8,1,right,,POLAR,polar plot type,25–26,29–30,137–150; 119; 61; 225; 259–274; 293–343; 345–347; 360–361; 371–390; 392–398; 443–460,61–460,hp/manuals/HP-48SX.pdf
HP-48SX,,8,2,none,,2,digit 2,25–26,29–30,137–150; 119; 61; 225; 259–274; 293–343; 345–347; 360–361; 371–390; 392–398; 443–460,61–460,hp/manuals/HP-48SX.pdf
HP-48SX,,8,2,left,,STACK,,25–26,29–30,137–150; 119; 61; 225; 259–274; 293–343; 345–347; 360–361; 371–390; 392–398; 443–460,61–460,hp/manuals/HP-48SX.pdf
HP-48SX,,8,2,right,,ARG,polar angle of a complex,25–26,29–30,137–150; 119; 61; 225; 259–274; 293–343; 345–347; 360–361; 371–390; 392–398; 443–460,61–460,hp/manuals/HP-48SX.pdf
HP-48SX,,8,3,none,,3,digit 3,25–26,29–30,137–150; 119; 61; 225; 259–274; 293–343; 345–347; 360–361; 371–390; 392–398; 443–460,61–460,hp/manuals/HP-48SX.pdf
HP-48SX,,8,3,left,,CMD,,25–26,29–30,137–150; 119; 61; 225; 259–274; 293–343; 345–347; 360–361; 371–390; 392–398; 443–460,61–460,hp/manuals/HP-48SX.pdf
HP-48SX,,8,3,right,,MENU,display a numbered menu,25–26,29–30,137–150; 119; 61; 225; 259–274; 293–343; 345–347; 360–361; 371–390; 392–398; 443–460,61–460,hp/manuals/HP-48SX.pdf
HP-48SX,,8,−,none,,−,subtract,25–26,29–30,137–150; 119; 61; 225; 259–274; 293–343; 345–347; 360–361; 371–390; 392–398; 443–460,61–460,hp/manuals/HP-48SX.pdf
HP-48SX,,8,−,left,,«  »,,25–26,29–30,137–150; 119; 61; 225; 259–274; 293–343; 345–347; 360–361; 371–390; 392–398; 443–460,61–460,hp/manuals/HP-48SX.pdf
HP-48SX,,8,−,right,,"""  """,,25–26,29–30,137–150; 119; 61; 225; 259–274; 293–343; 345–347; 360–361; 371–390; 392–398; 443–460,61–460,hp/manuals/HP-48SX.pdf
HP-48SX,,9,ON,none,,ON,power on/off,25–26,29–30,137–150; 119; 61; 225; 259–274; 293–343; 345–347; 360–361; 371–390; 392–398; 443–460,61–460,hp/manuals/HP-48SX.pdf
HP-48SX,,9,ON,left,,CONT,resume a halted program,25–26,29–30,137–150; 119; 61; 225; 259–274; 293–343; 345–347; 360–361; 371–390; 392–398; 443–460,61–460,hp/manuals/HP-48SX.pdf
HP-48SX,,9,ON,right,,OFF,power on/off,25–26,29–30,137–150; 119; 61; 225; 259–274; 293–343; 345–347; 360–361; 371–390; 392–398; 443–460,61–460,hp/manuals/HP-48SX.pdf
HP-48SX,,9,0,none,,0,digit 0,25–26,29–30,137–150; 119; 61; 225; 259–274; 293–343; 345–347; 360–361; 371–390; 392–398; 443–460,61–460,hp/manuals/HP-48SX.pdf
HP-48SX,,9,0,left,,=,,25–26,29–30,137–150; 119; 61; 225; 259–274; 293–343; 345–347; 360–361; 371–390; 392–398; 443–460,61–460,hp/manuals/HP-48SX.pdf
HP-48SX,,9,0,right,,→,,25–26,29–30,137–150; 119; 61; 225; 259–274; 293–343; 345–347; 360–361; 371–390; 392–398; 443–460,61–460,hp/manuals/HP-48SX.pdf
HP-48SX,,9,. (decimal),none,,. (decimal),,25–26,29–30,137–150; 119; 61; 225; 259–274; 293–343; 345–347; 360–361; 371–390; 392–398; 443–460,61–460,hp/manuals/HP-48SX.pdf
HP-48SX,,9,. (decimal),left,,", (comma)",,25–26,29–30,137–150; 119; 61; 225; 259–274; 293–343; 345–347; 360–361; 371–390; 392–398; 443–460,61–460,hp/manuals/HP-48SX.pdf
HP-48SX,,9,. (decimal),right,,↵ (newline),,25–26,29–30,137–150; 119; 61; 225; 259–274; 293–343; 345–347; 360–361; 371–390; 392–398; 443–460,61–460,hp/manuals/HP-48SX.pdf
HP-48SX,,9,SPC,none,,SPC,,25–26,29–30,137–150; 119; 61; 225; 259–274; 293–343; 345–347; 360–361; 371–390; 392–398; 443–460,61–460,hp/manuals/HP-48SX.pdf
HP-48SX,,9,SPC,left,,π,,25–26,29–30,137–150; 119; 61; 225; 259–274; 293–343; 345–347; 360–361; 371–390; 392–398; 443–460,61–460,hp/manuals/HP-48SX.pdf
HP-48SX,,9,SPC,right,,∡ (angle),,25–26,29–30,137–150; 119; 61; 225; 259–274; 293–343; 345–347; 360–361; 371–390; 392–398; 443–460,61–460,hp/manuals/HP-48SX.pdf
HP-48SX,,9,+,none,,+,add,25–26,29–30,137–150; 119; 61; 225; 259–274; 293–343; 345–347; 360–361; 371–390; 392–398; 443–460,61–460,hp/manuals/HP-48SX.pdf
HP-48SX,,9,+,left,,{ },,25–26,29–30,137–150; 119; 61; 225; 259–274; 293–343; 345–347; 360–361; 371–390; 392–398; 443–460,61–460,hp/manuals/HP-48SX.pdf
HP-48SX,,9,+,right,,::,,25–26,29–30,137–150; 119; 61; 225; 259–274; 293–343; 345–347; 360–361; 371–390; 392–398; 443–460,61–460,hp/manuals/HP-48SX.pdf
HP-48G,,1,(blank),none,,(blank),create a blank graphic,1–4; 1–6; 12–1,18–21; 143–144,,480–537,hp/manuals/HP-48G.pdf
HP-48G,,1,(blank),alpha,,A,,1–4; 1–6; 12–1,18–21; 143–144,,480–537,hp/manuals/HP-48G.pdf
HP-48G,,1,(blank),none,,(blank),create a blank graphic,1–4; 1–6; 12–1,18–21; 143–144,,480–537,hp/manuals/HP-48G.pdf
HP-48G,,1,(blank),alpha,,B,,1–4; 1–6; 12–1,18–21; 143–144,,480–537,hp/manuals/HP-48G.pdf
HP-48G,,1,(blank),none,,(blank),create a blank graphic,1–4; 1–6; 12–1,18–21; 143–144,,480–537,hp/manuals/HP-48G.pdf
HP-48G,,1,(blank),alpha,,C,,1–4; 1–6; 12–1,18–21; 143–144,,480–537,hp/manuals/HP-48G.pdf
HP-48G,,1,(blank),none,,(blank),create a blank graphic,1–4; 1–6; 12–1,18–21; 143–144,,480–537,hp/manuals/HP-48G.pdf
HP-48G,,1,(blank),alpha,,D,,1–4; 1–6; 12–1,18–21; 143–144,,480–537,hp/manuals/HP-48G.pdf
HP-48G,,1,(blank),none,,(blank),create a blank graphic,1–4; 1–6; 12–1,18–21; 143–144,,480–537,hp/manuals/HP-48G.pdf
HP-48G,,1,(blank),alpha,,E,,1–4; 1–6; 12–1,18–21; 143–144,,480–537,hp/manuals/HP-48G.pdf
HP-48G,,1,(blank),none,,(blank),create a blank graphic,1–4; 1–6; 12–1,18–21; 143–144,,480–537,hp/manuals/HP-48G.pdf
HP-48G,,1,(blank),alpha,,F,,1–4; 1–6; 12–1,18–21; 143–144,,480–537,hp/manuals/HP-48G.pdf
HP-48G,,2,MTH,none,,MTH,,1–4; 1–6; 12–1,18–21; 143–144,,480–537,hp/manuals/HP-48G.pdf
HP-48G,,2,MTH,alpha,,G,,1–4; 1–6; 12–1,18–21; 143–144,,480–537,hp/manuals/HP-48G.pdf
HP-48G,,2,PRG,none,,PRG,,1–4; 1–6; 12–1,18–21; 143–144,,480–537,hp/manuals/HP-48G.pdf
HP-48G,,2,PRG,left,purple,I/O (cmd menu),,1–4; 1–6; 12–1,18–21; 143–144,,480–537,hp/manuals/HP-48G.pdf
HP-48G,,2,PRG,right,green,I/O,,1–4; 1–6; 12–1,18–21; 143–144,,480–537,hp/manuals/HP-48G.pdf
HP-48G,,2,PRG,alpha,,H,,1–4; 1–6; 12–1,18–21; 143–144,,480–537,hp/manuals/HP-48G.pdf
HP-48G,,2,CST,none,,CST,display the CST custom menu,1–4; 1–6; 12–1,18–21; 143–144,,480–537,hp/manuals/HP-48G.pdf
HP-48G,,2,CST,left,purple,MODES (cmd menu),,1–4; 1–6; 12–1,18–21; 143–144,,480–537,hp/manuals/HP-48G.pdf
HP-48G,,2,CST,right,green,MODES,open the modes menu,1–4; 1–6; 12–1,18–21; 143–144,,480–537,hp/manuals/HP-48G.pdf
HP-48G,,2,CST,alpha,,I,,1–4; 1–6; 12–1,18–21; 143–144,,480–537,hp/manuals/HP-48G.pdf
HP-48G,,2,VAR,none,,VAR,sample variances,1–4; 1–6; 12–1,18–21; 143–144,,480–537,hp/manuals/HP-48G.pdf
HP-48G,,2,VAR,left,purple,MEMORY (cmd menu),,1–4; 1–6; 12–1,18–21; 143–144,,480–537,hp/manuals/HP-48G.pdf
HP-48G,,2,VAR,right,green,MEMORY,,1–4; 1–6; 12–1,18–21; 143–144,,480–537,hp/manuals/HP-48G.pdf
HP-48G,,2,VAR,alpha,,J,,1–4; 1–6; 12–1,18–21; 143–144,,480–537,hp/manuals/HP-48G.pdf
HP-48G,,2,▲ (up),none,,▲ (up),,1–4; 1–6; 12–1,18–21; 143–144,,480–537,hp/manuals/HP-48G.pdf
HP-48G,,2,▲ (up),left,purple,LIBRARY (cmd menu),,1–4; 1–6; 12–1,18–21; 143–144,,480–537,hp/manuals/HP-48G.pdf
HP-48G,,2,▲ (up),right,green,LIBRARY,,1–4; 1–6; 12–1,18–21; 143–144,,480–537,hp/manuals/HP-48G.pdf
HP-48G,,2,▲ (up),alpha,,K,,1–4; 1–6; 12–1,18–21; 143–144,,480–537,hp/manuals/HP-48G.pdf
HP-48G,,2,NXT,none,,NXT,,1–4; 1–6; 12–1,18–21; 143–144,,480–537,hp/manuals/HP-48G.pdf
HP-48G,,2,NXT,left,purple,PREV,,1–4; 1–6; 12–1,18–21; 143–144,,480–537,hp/manuals/HP-48G.pdf
HP-48G,,2,NXT,alpha,,L,,1–4; 1–6; 12–1,18–21; 143–144,,480–537,hp/manuals/HP-48G.pdf
HP-48G,,3,′ (tick),none,,′ (tick),,1–4; 1–6; 12–1,18–21; 143–144,,480–537,hp/manuals/HP-48G.pdf
HP-48G,,3,′ (tick),alpha,,M,,1–4; 1–6; 12–1,18–21; 143–144,,480–537,hp/manuals/HP-48G.pdf
HP-48G,,3,STO,none,,STO,store an object in a variable,1–4; 1–6; 12–1,18–21; 143–144,,480–537,hp/manuals/HP-48G.pdf
HP-48G,,3,STO,left,purple,DEF,,1–4; 1–6; 12–1,18–21; 143–144,,480–537,hp/manuals/HP-48G.pdf
HP-48G,,3,STO,right,green,RCL,recall a variable's contents,1–4; 1–6; 12–1,18–21; 143–144,,480–537,hp/manuals/HP-48G.pdf
HP-48G,,3,STO,alpha,,N,number of data rows,1–4; 1–6; 12–1,18–21; 143–144,,480–537,hp/manuals/HP-48G.pdf
HP-48G,,3,EVAL,none,,EVAL,evaluate an object,1–4; 1–6; 12–1,18–21; 143–144,,480–537,hp/manuals/HP-48G.pdf
HP-48G,,3,EVAL,left,purple,→Q,approximate as a fraction,1–4; 1–6; 12–1,18–21; 143–144,,480–537,hp/manuals/HP-48G.pdf
HP-48G,,3,EVAL,right,green,→NUM,evaluate to a numeric result,1–4; 1–6; 12–1,18–21; 143–144,,480–537,hp/manuals/HP-48G.pdf
HP-48G,,3,EVAL,alpha,,O,,1–4; 1–6; 12–1,18–21; 143–144,,480–537,hp/manuals/HP-48G.pdf
HP-48G,,3,◄ (left),none,,◄ (left),,1–4; 1–6; 12–1,18–21; 143–144,,480–537,hp/manuals/HP-48G.pdf
HP-48G,,3,◄ (left),left,purple,GRAPH,,1–4; 1–6; 12–1,18–21; 143–144,,480–537,hp/manuals/HP-48G.pdf
HP-48G,,3,◄ (left),alpha,,P,,1–4; 1–6; 12–1,18–21; 143–144,,480–537,hp/manuals/HP-48G.pdf
HP-48G,,3,▼ (down),none,,▼ (down),,1–4; 1–6; 12–1,18–21; 143–144,,480–537,hp/manuals/HP-48G.pdf
HP-48G,,3,▼ (down),left,purple,REVIEW,,1–4; 1–6; 12–1,18–21; 143–144,,480–537,hp/manuals/HP-48G.pdf
HP-48G,,3,▼ (down),alpha,,Q,,1–4; 1–6; 12–1,18–21; 143–144,,480–537,hp/manuals/HP-48G.pdf
HP-48G,,3,► (right),none,,► (right),,1–4; 1–6; 12–1,18–21; 143–144,,480–537,hp/manuals/HP-48G.pdf
HP-48G,,3,► (right),left,purple,SWAP,exchange levels 1 and 2,1–4; 1–6; 12–1,18–21; 143–144,,480–537,hp/manuals/HP-48G.pdf
HP-48G,,3,► (right),alpha,,R,,1–4; 1–6; 12–1,18–21; 143–144,,480–537,hp/manuals/HP-48G.pdf
HP-48G,,4,SIN,none,,SIN,sine,1–4; 1–6; 12–1,18–21; 143–144,,480–537,hp/manuals/HP-48G.pdf
HP-48G,,4,SIN,left,purple,ASIN,arc sine,1–4; 1–6; 12–1,18–21; 143–144,,480–537,hp/manuals/HP-48G.pdf
HP-48G,,4,SIN,right,green,∂,symbolic/numeric derivative,1–4; 1–6; 12–1,18–21; 143–144,,480–537,hp/manuals/HP-48G.pdf
HP-48G,,4,SIN,alpha,,S,,1–4; 1–6; 12–1,18–21; 143–144,,480–537,hp/manuals/HP-48G.pdf
HP-48G,,4,COS,none,,COS,cosine,1–4; 1–6; 12–1,18–21; 143–144,,480–537,hp/manuals/HP-48G.pdf
HP-48G,,4,COS,left,purple,ACOS,arc cosine,1–4; 1–6; 12–1,18–21; 143–144,,480–537,hp/manuals/HP-48G.pdf
HP-48G,,4,COS,right,green,∫,definite or symbolic integral,1–4; 1–6; 12–1,18–21; 143–144,,480–537,hp/manuals/HP-48G.pdf
HP-48G,,4,COS,alpha,,T,percent that y is of x,1–4; 1–6; 12–1,18–21; 143–144,,480–537,hp/manuals/HP-48G.pdf
HP-48G,,4,TAN,none,,TAN,tangent,1–4; 1–6; 12–1,18–21; 143–144,,480–537,hp/manuals/HP-48G.pdf
HP-48G,,4,TAN,left,purple,ATAN,arc tangent,1–4; 1–6; 12–1,18–21; 143–144,,480–537,hp/manuals/HP-48G.pdf
HP-48G,,4,TAN,right,green,Σ,,1–4; 1–6; 12–1,18–21; 143–144,,480–537,hp/manuals/HP-48G.pdf
HP-48G,,4,TAN,alpha,,U,,1–4; 1–6; 12–1,18–21; 143–144,,480–537,hp/manuals/HP-48G.pdf
HP-48G,,4,√x,none,,√x,,1–4; 1–6; 12–1,18–21; 143–144,,480–537,hp/manuals/HP-48G.pdf
HP-48G,,4,√x,left,purple,x²,,1–4; 1–6; 12–1,18–21; 143–144,,480–537,hp/manuals/HP-48G.pdf
HP-48G,,4,√x,right,green,ˣ√y,,1–4; 1–6; 12–1,18–21; 143–144,,480–537,hp/manuals/HP-48G.pdf
HP-48G,,4,√x,alpha,,V,,1–4; 1–6; 12–1,18–21; 143–144,,480–537,hp/manuals/HP-48G.pdf
HP-48G,,4,yˣ,none,,yˣ,,1–4; 1–6; 12–1,18–21; 143–144,,480–537,hp/manuals/HP-48G.pdf
HP-48G,,4,yˣ,left,purple,10ˣ,,1–4; 1–6; 12–1,18–21; 143–144,,480–537,hp/manuals/HP-48G.pdf
HP-48G,,4,yˣ,right,green,LOG,base-10 logarithm,1–4; 1–6; 12–1,18–21; 143–144,,480–537,hp/manuals/HP-48G.pdf
HP-48G,,4,yˣ,alpha,,W,,1–4; 1–6; 12–1,18–21; 143–144,,480–537,hp/manuals/HP-48G.pdf
HP-48G,,4,1/x,none,,1/x,,1–4; 1–6; 12–1,18–21; 143–144,,480–537,hp/manuals/HP-48G.pdf
HP-48G,,4,1/x,left,purple,eˣ,,1–4; 1–6; 12–1,18–21; 143–144,,480–537,hp/manuals/HP-48G.pdf
HP-48G,,4,1/x,right,green,LN,natural logarithm,1–4; 1–6; 12–1,18–21; 143–144,,480–537,hp/manuals/HP-48G.pdf
HP-48G,,4,1/x,alpha,,X,,1–4; 1–6; 12–1,18–21; 143–144,,480–537,hp/manuals/HP-48G.pdf
HP-48G,,5,ENTER,none,,ENTER,,1–4; 1–6; 12–1,18–21; 143–144,,480–537,hp/manuals/HP-48G.pdf
HP-48G,,5,ENTER,left,purple,EQUATION,,1–4; 1–6; 12–1,18–21; 143–144,,480–537,hp/manuals/HP-48G.pdf
HP-48G,,5,ENTER,right,green,MATRIX,,1–4; 1–6; 12–1,18–21; 143–144,,480–537,hp/manuals/HP-48G.pdf
HP-48G,,5,+/−,none,,+/−,,1–4; 1–6; 12–1,18–21; 143–144,,480–537,hp/manuals/HP-48G.pdf
HP-48G,,5,+/−,left,purple,EDIT,,1–4; 1–6; 12–1,18–21; 143–144,,480–537,hp/manuals/HP-48G.pdf
HP-48G,,5,+/−,right,green,VISIT,,1–4; 1–6; 12–1,18–21; 143–144,,480–537,hp/manuals/HP-48G.pdf
HP-48G,,5,+/−,alpha,,Y,,1–4; 1–6; 12–1,18–21; 143–144,,480–537,hp/manuals/HP-48G.pdf
HP-48G,,5,EEX,none,,EEX,,1–4; 1–6; 12–1,18–21; 143–144,,480–537,hp/manuals/HP-48G.pdf
HP-48G,,5,EEX,alpha,,Z,,1–4; 1–6; 12–1,18–21; 143–144,,480–537,hp/manuals/HP-48G.pdf
HP-48G,,5,DEL,none,,DEL,,1–4; 1–6; 12–1,18–21; 143–144,,480–537,hp/manuals/HP-48G.pdf
HP-48G,,5,DEL,left,purple,PURGE,delete variables,1–4; 1–6; 12–1,18–21; 143–144,,480–537,hp/manuals/HP-48G.pdf
HP-48G,,5,◄ (backspace),none,,◄ (backspace),,1–4; 1–6; 12–1,18–21; 143–144,,480–537,hp/manuals/HP-48G.pdf
HP-48G,,5,◄ (backspace),left,purple,DROP,discard the level-1 object,1–4; 1–6; 12–1,18–21; 143–144,,480–537,hp/manuals/HP-48G.pdf
HP-48G,,5,◄ (backspace),right,green,CLEAR,remove every object from the stack,1–4; 1–6; 12–1,18–21; 143–144,,480–537,hp/manuals/HP-48G.pdf
HP-48G,,6,α (ALPHA),none,,α (ALPHA),,1–4; 1–6; 12–1,18–21; 143–144,,480–537,hp/manuals/HP-48G.pdf
HP-48G,,6,α (ALPHA),left,purple,USR,,1–4; 1–6; 12–1,18–21; 143–144,,480–537,hp/manuals/HP-48G.pdf
HP-48G,,6,α (ALPHA),right,green,ENTRY,,1–4; 1–6; 12–1,18–21; 143–144,,480–537,hp/manuals/HP-48G.pdf
HP-48G,,6,7,none,,7,digit 7,1–4; 1–6; 12–1,18–21; 143–144,,480–537,hp/manuals/HP-48G.pdf
HP-48G,,6,7,left,purple,SOLVE (cmd menu),,1–4; 1–6; 12–1,18–21; 143–144,,480–537,hp/manuals/HP-48G.pdf
HP-48G,,6,7,right,green,SOLVE,,1–4; 1–6; 12–1,18–21; 143–144,,480–537,hp/manuals/HP-48G.pdf
HP-48G,,6,8,none,,8,digit 8,1–4; 1–6; 12–1,18–21; 143–144,,480–537,hp/manuals/HP-48G.pdf
HP-48G,,6,8,left,purple,PLOT (cmd menu),,1–4; 1–6; 12–1,18–21; 143–144,,480–537,hp/manuals/HP-48G.pdf
HP-48G,,6,8,right,green,PLOT,,1–4; 1–6; 12–1,18–21; 143–144,,480–537,hp/manuals/HP-48G.pdf
HP-48G,,6,9,none,,9,digit 9,1–4; 1–6; 12–1,18–21; 143–144,,480–537,hp/manuals/HP-48G.pdf
HP-48G,,6,9,left,purple,SYMBOLIC (cmd menu),,1–4; 1–6; 12–1,18–21; 143–144,,480–537,hp/manuals/HP-48G.pdf
HP-48G,,6,9,right,green,SYMBOLIC,,1–4; 1–6; 12–1,18–21; 143–144,,480–537,hp/manuals/HP-48G.pdf
HP-48G,,6,÷,none,,÷,divide,1–4; 1–6; 12–1,18–21; 143–144,,480–537,hp/manuals/HP-48G.pdf
HP-48G,,6,÷,left,purple,( ),,1–4; 1–6; 12–1,18–21; 143–144,,480–537,hp/manuals/HP-48G.pdf
HP-48G,,6,÷,right,green,#,,1–4; 1–6; 12–1,18–21; 143–144,,480–537,hp/manuals/HP-48G.pdf
HP-48G,,7,◄ (left-shift key),none,,◄ (left-shift key),,1–4; 1–6; 12–1,18–21; 143–144,,480–537,hp/manuals/HP-48G.pdf
HP-48G,,7,4,none,,4,digit 4,1–4; 1–6; 12–1,18–21; 143–144,,480–537,hp/manuals/HP-48G.pdf
HP-48G,,7,4,left,purple,TIME (cmd menu),,1–4; 1–6; 12–1,18–21; 143–144,,480–537,hp/manuals/HP-48G.pdf
HP-48G,,7,4,right,green,TIME,current system time,1–4; 1–6; 12–1,18–21; 143–144,,480–537,hp/manuals/HP-48G.pdf
HP-48G,,7,5,none,,5,digit 5,1–4; 1–6; 12–1,18–21; 143–144,,480–537,hp/manuals/HP-48G.pdf
HP-48G,,7,5,left,purple,STAT (cmd menu),,1–4; 1–6; 12–1,18–21; 143–144,,480–537,hp/manuals/HP-48G.pdf
HP-48G,,7,5,right,green,STAT,,1–4; 1–6; 12–1,18–21; 143–144,,480–537,hp/manuals/HP-48G.pdf
HP-48G,,7,6,none,,6,digit 6,1–4; 1–6; 12–1,18–21; 143–144,,480–537,hp/manuals/HP-48G.pdf
HP-48G,,7,6,left,purple,UNITS,,1–4; 1–6; 12–1,18–21; 143–144,,480–537,hp/manuals/HP-48G.pdf
HP-48G,,7,×,none,,×,multiply,1–4; 1–6; 12–1,18–21; 143–144,,480–537,hp/manuals/HP-48G.pdf
HP-48G,,7,×,left,purple,[ ],,1–4; 1–6; 12–1,18–21; 143–144,,480–537,hp/manuals/HP-48G.pdf
HP-48G,,7,×,right,green,_ (underscore),,1–4; 1–6; 12–1,18–21; 143–144,,480–537,hp/manuals/HP-48G.pdf
HP-48G,,8,► (right-shift key),none,,► (right-shift key),,1–4; 1–6; 12–1,18–21; 143–144,,480–537,hp/manuals/HP-48G.pdf
HP-48G,,8,1,none,,1,digit 1,1–4; 1–6; 12–1,18–21; 143–144,,480–537,hp/manuals/HP-48G.pdf
HP-48G,,8,1,left,purple,RAD,radians angle mode,1–4; 1–6; 12–1,18–21; 143–144,,480–537,hp/manuals/HP-48G.pdf
HP-48G,,8,1,right,green,POLAR,select polar plot type,1–4; 1–6; 12–1,18–21; 143–144,,480–537,hp/manuals/HP-48G.pdf
HP-48G,,8,2,none,,2,digit 2,1–4; 1–6; 12–1,18–21; 143–144,,480–537,hp/manuals/HP-48G.pdf
HP-48G,,8,2,left,purple,STACK (cmd menu),,1–4; 1–6; 12–1,18–21; 143–144,,480–537,hp/manuals/HP-48G.pdf
HP-48G,,8,2,right,green,STACK,,1–4; 1–6; 12–1,18–21; 143–144,,480–537,hp/manuals/HP-48G.pdf
HP-48G,,8,3,none,,3,digit 3,1–4; 1–6; 12–1,18–21; 143–144,,480–537,hp/manuals/HP-48G.pdf
HP-48G,,8,3,left,purple,CMD,,1–4; 1–6; 12–1,18–21; 143–144,,480–537,hp/manuals/HP-48G.pdf
HP-48G,,8,3,right,green,MENU,display a numbered built-in menu,1–4; 1–6; 12–1,18–21; 143–144,,480–537,hp/manuals/HP-48G.pdf
HP-48G,,8,−,none,,−,subtract,1–4; 1–6; 12–1,18–21; 143–144,,480–537,hp/manuals/HP-48G.pdf
HP-48G,,8,−,left,purple,«  »,,1–4; 1–6; 12–1,18–21; 143–144,,480–537,hp/manuals/HP-48G.pdf
HP-48G,,8,−,right,green,"""  """,,1–4; 1–6; 12–1,18–21; 143–144,,480–537,hp/manuals/HP-48G.pdf
HP-48G,,9,ON,none,,ON,power on/off,1–4; 1–6; 12–1,18–21; 143–144,,480–537,hp/manuals/HP-48G.pdf
HP-48G,,9,ON,left,purple,CONT,resume a halted program,1–4; 1–6; 12–1,18–21; 143–144,,480–537,hp/manuals/HP-48G.pdf
HP-48G,,9,ON,right,green,OFF,power on/off,1–4; 1–6; 12–1,18–21; 143–144,,480–537,hp/manuals/HP-48G.pdf
HP-48G,,9,0,none,,0,digit 0,1–4; 1–6; 12–1,18–21; 143–144,,480–537,hp/manuals/HP-48G.pdf
HP-48G,,9,0,left,purple,=,,1–4; 1–6; 12–1,18–21; 143–144,,480–537,hp/manuals/HP-48G.pdf
HP-48G,,9,0,right,green,→,,1–4; 1–6; 12–1,18–21; 143–144,,480–537,hp/manuals/HP-48G.pdf
HP-48G,,9,. (decimal),none,,. (decimal),,1–4; 1–6; 12–1,18–21; 143–144,,480–537,hp/manuals/HP-48G.pdf
HP-48G,,9,. (decimal),left,purple,", (comma)",,1–4; 1–6; 12–1,18–21; 143–144,,480–537,hp/manuals/HP-48G.pdf
HP-48G,,9,. (decimal),right,green,↵ (newline),,1–4; 1–6; 12–1,18–21; 143–144,,480–537,hp/manuals/HP-48G.pdf
HP-48G,,9,SPC,none,,SPC,,1–4; 1–6; 12–1,18–21; 143–144,,480–537,hp/manuals/HP-48G.pdf
HP-48G,,9,SPC,left,purple,π,,1–4; 1–6; 12–1,18–21; 143–144,,480–537,hp/manuals/HP-48G.pdf
HP-48G,,9,SPC,right,green,∡ (angle),,1–4; 1–6; 12–1,18–21; 143–144,,480–537,hp/manuals/HP-48G.pdf
HP-48G,,9,+,none,,+,add two objects,1–4; 1–6; 12–1,18–21; 143–144,,480–537,hp/manuals/HP-48G.pdf
HP-48G,,9,+,left,purple,{ },,1–4; 1–6; 12–1,18–21; 143–144,,480–537,hp/manuals/HP-48G.pdf
HP-48G,,9,+,right,green,::,,1–4; 1–6; 12–1,18–21; 143–144,,480–537,hp/manuals/HP-48G.pdf
HP-49G,,1,F1,none,,F1,,,3,,,hp/manuals/HP-49G.pdf
HP-49G,,1,F1,left,,Y=,,,3,,,hp/manuals/HP-49G.pdf
HP-49G,,1,F1,alpha,,A,,,3,,,hp/manuals/HP-49G.pdf
HP-49G,,1,F2,none,,F2,,,3,,,hp/manuals/HP-49G.pdf
HP-49G,,1,F2,left,,WIN,,,3,,,hp/manuals/HP-49G.pdf
HP-49G,,1,F2,alpha,,B,,,3,,,hp/manuals/HP-49G.pdf
HP-49G,,1,F3,none,,F3,,,3,,,hp/manuals/HP-49G.pdf
HP-49G,,1,F3,left,,GRAPH,,,3,,,hp/manuals/HP-49G.pdf
HP-49G,,1,F3,alpha,,C,,,3,,,hp/manuals/HP-49G.pdf
HP-49G,,1,F4,none,,F4,,,3,,,hp/manuals/HP-49G.pdf
HP-49G,,1,F4,left,,2D/3D,,,3,,,hp/manuals/HP-49G.pdf
HP-49G,,1,F4,alpha,,D,,,3,,,hp/manuals/HP-49G.pdf
HP-49G,,1,F5,none,,F5,,,3,,,hp/manuals/HP-49G.pdf
HP-49G,,1,F5,left,,TBLSET,,,3,,,hp/manuals/HP-49G.pdf
HP-49G,,1,F5,alpha,,E,,,3,,,hp/manuals/HP-49G.pdf
HP-49G,,1,F6,none,,F6,,,3,,,hp/manuals/HP-49G.pdf
HP-49G,,1,F6,left,,TABLE,,,3,,,hp/manuals/HP-49G.pdf
HP-49G,,1,F6,alpha,,F,,,3,,,hp/manuals/HP-49G.pdf
HP-49G,,2,APPS,none,,APPS,,,3,,,hp/manuals/HP-49G.pdf
HP-49G,,2,APPS,left,,FILES,,,3,,,hp/manuals/HP-49G.pdf
HP-49G,,2,APPS,right,,BEGIN,,,3,,,hp/manuals/HP-49G.pdf
HP-49G,,2,APPS,alpha,,G,,,3,,,hp/manuals/HP-49G.pdf
HP-49G,,2,MODE,none,,MODE,,,3,,,hp/manuals/HP-49G.pdf
HP-49G,,2,MODE,left,,CUSTOM,,,3,,,hp/manuals/HP-49G.pdf
HP-49G,,2,MODE,right,,END,,,3,,,hp/manuals/HP-49G.pdf
HP-49G,,2,MODE,alpha,,H,,,3,,,hp/manuals/HP-49G.pdf
HP-49G,,2,TOOL,none,,TOOL,,,3,,,hp/manuals/HP-49G.pdf
HP-49G,,2,TOOL,left,,i,,,3,,,hp/manuals/HP-49G.pdf
HP-49G,,2,TOOL,right,,\,(WHERE),,3,,,hp/manuals/HP-49G.pdf
HP-49G,,2,▲ (up),none,,▲ (up),,,3,,,hp/manuals/HP-49G.pdf
HP-49G,,3,VAR,none,,VAR,,,3,,,hp/manuals/HP-49G.pdf
HP-49G,,3,VAR,left,,UPDIR,,,3,,,hp/manuals/HP-49G.pdf
HP-49G,,3,VAR,right,,COPY,,,3,,,hp/manuals/HP-49G.pdf
HP-49G,,3,VAR,alpha,,J,,,3,,,hp/manuals/HP-49G.pdf
HP-49G,,3,STO▶,none,,STO▶,,,3,,,hp/manuals/HP-49G.pdf
HP-49G,,3,STO▶,left,,RCL,,,3,,,hp/manuals/HP-49G.pdf
HP-49G,,3,STO▶,right,,CUT,,,3,,,hp/manuals/HP-49G.pdf
HP-49G,,3,STO▶,alpha,,K,,,3,,,hp/manuals/HP-49G.pdf
HP-49G,,3,NXT,none,,NXT,,,3,,,hp/manuals/HP-49G.pdf
HP-49G,,3,NXT,left,,PREV,,,3,,,hp/manuals/HP-49G.pdf
HP-49G,,3,NXT,right,,PASTE,,,3,,,hp/manuals/HP-49G.pdf
HP-49G,,3,NXT,alpha,,L,,,3,,,hp/manuals/HP-49G.pdf
HP-49G,,3,◄ (left) / ► (right),none,,◄ (left) / ► (right),,,3,,,hp/manuals/HP-49G.pdf
HP-49G,,4,HIST,none,,HIST,,,3,,,hp/manuals/HP-49G.pdf
HP-49G,,4,HIST,left,,CMD,,,3,,,hp/manuals/HP-49G.pdf
HP-49G,,4,HIST,right,,UNDO,,,3,,,hp/manuals/HP-49G.pdf
HP-49G,,4,HIST,alpha,,M,,,3,,,hp/manuals/HP-49G.pdf
HP-49G,,4,Cα,none,,Cα,,,3,,,hp/manuals/HP-49G.pdf
HP-49G,,4,Cα,left,,PRG,,,3,,,hp/manuals/HP-49G.pdf
HP-49G,,4,Cα,right,,CHARS,,,3,,,hp/manuals/HP-49G.pdf
HP-49G,,4,Cα,alpha,,N,,,3,,,hp/manuals/HP-49G.pdf
HP-49G,,4,EQW,none,,EQW,,,3,,,hp/manuals/HP-49G.pdf
HP-49G,,4,EQW,left,,MTRW,,,3,,,hp/manuals/HP-49G.pdf
HP-49G,,4,EQW,right,,′ (tick),,,3,,,hp/manuals/HP-49G.pdf
HP-49G,,4,EQW,alpha,,O,,,3,,,hp/manuals/HP-49G.pdf
HP-49G,,4,SYMB,none,,SYMB,,,3,,,hp/manuals/HP-49G.pdf
HP-49G,,4,SYMB,left,,MTH,,,3,,,hp/manuals/HP-49G.pdf
HP-49G,,4,SYMB,right,,EVAL,evaluate an object,,3,,,hp/manuals/HP-49G.pdf
HP-49G,,4,SYMB,alpha,,P,,,3,,,hp/manuals/HP-49G.pdf
HP-49G,,4,← (backspace),none,,← (backspace),,,3,,,hp/manuals/HP-49G.pdf
HP-49G,,4,← (backspace),left,,DEL,,,3,,,hp/manuals/HP-49G.pdf
HP-49G,,4,← (backspace),right,,CLEAR,empty the stack,,3,,,hp/manuals/HP-49G.pdf
HP-49G,,4,▼ (down),none,,▼ (down),,,3,,,hp/manuals/HP-49G.pdf
HP-49G,,5,yˣ,none,,yˣ,,,3,,,hp/manuals/HP-49G.pdf
HP-49G,,5,yˣ,left,,eˣ,,,3,,,hp/manuals/HP-49G.pdf
HP-49G,,5,yˣ,right,,LN,natural logarithm,,3,,,hp/manuals/HP-49G.pdf
HP-49G,,5,yˣ,alpha,,Q,,,3,,,hp/manuals/HP-49G.pdf
HP-49G,,5,√x,none,,√x,,,3,,,hp/manuals/HP-49G.pdf
HP-49G,,5,√x,left,,x²,,,3,,,hp/manuals/HP-49G.pdf
HP-49G,,5,√x,right,,ˣ√y,,,3,,,hp/manuals/HP-49G.pdf
HP-49G,,5,√x,alpha,,R,,,3,,,hp/manuals/HP-49G.pdf
HP-49G,,5,SIN,none,,SIN,,,3,,,hp/manuals/HP-49G.pdf
HP-49G,,5,SIN,left,,ASIN,,,3,,,hp/manuals/HP-49G.pdf
HP-49G,,5,SIN,right,,Σ,,,3,,,hp/manuals/HP-49G.pdf
HP-49G,,5,SIN,alpha,,S,,,3,,,hp/manuals/HP-49G.pdf
HP-49G,,5,COS,none,,COS,,,3,,,hp/manuals/HP-49G.pdf
HP-49G,,5,COS,left,,ACOS,,,3,,,hp/manuals/HP-49G.pdf
HP-49G,,5,COS,right,,∂,,,3,,,hp/manuals/HP-49G.pdf
HP-49G,,5,COS,alpha,,T,percent of total,,3,,,hp/manuals/HP-49G.pdf
HP-49G,,5,TAN,none,,TAN,,,3,,,hp/manuals/HP-49G.pdf
HP-49G,,5,TAN,left,,ATAN,,,3,,,hp/manuals/HP-49G.pdf
HP-49G,,5,TAN,right,,∫,,,3,,,hp/manuals/HP-49G.pdf
HP-49G,,5,TAN,alpha,,U,,,3,,,hp/manuals/HP-49G.pdf
HP-49G,,6,EEX,none,,EEX,,,3,,,hp/manuals/HP-49G.pdf
HP-49G,,6,EEX,left,,10ˣ,,,3,,,hp/manuals/HP-49G.pdf
HP-49G,,6,EEX,right,,LOG,base-10 logarithm,,3,,,hp/manuals/HP-49G.pdf
HP-49G,,6,EEX,alpha,,V,,,3,,,hp/manuals/HP-49G.pdf
HP-49G,,6,+/−,none,,+/−,,,3,,,hp/manuals/HP-49G.pdf
HP-49G,,6,+/−,left,,≠,,,3,,,hp/manuals/HP-49G.pdf
HP-49G,,6,+/−,right,,=,,,3,,,hp/manuals/HP-49G.pdf
HP-49G,,6,+/−,alpha,,W,,,3,,,hp/manuals/HP-49G.pdf
HP-49G,,6,X,none,,X,,,3,,,hp/manuals/HP-49G.pdf
HP-49G,,6,X,left,,≤,,,3,,,hp/manuals/HP-49G.pdf
HP-49G,,6,X,right,,<,,,3,,,hp/manuals/HP-49G.pdf
HP-49G,,6,X,alpha,,X,,,3,,,hp/manuals/HP-49G.pdf
HP-49G,,6,1/x,none,,1/x,,,3,,,hp/manuals/HP-49G.pdf
HP-49G,,6,1/x,left,,≥,,,3,,,hp/manuals/HP-49G.pdf
HP-49G,,6,1/x,right,,>,,,3,,,hp/manuals/HP-49G.pdf
HP-49G,,6,1/x,alpha,,Y,,,3,,,hp/manuals/HP-49G.pdf
HP-49G,,6,÷,none,,÷,,,3,,,hp/manuals/HP-49G.pdf
HP-49G,,6,÷,left,,ABS,absolute value/magnitude,,3,,,hp/manuals/HP-49G.pdf
HP-49G,,6,÷,right,,ARG,polar angle,,3,,,hp/manuals/HP-49G.pdf
HP-49G,,6,÷,alpha,,Z,,,3,,,hp/manuals/HP-49G.pdf
HP-49G,,7,ALPHA,none,,ALPHA,,,3,,,hp/manuals/HP-49G.pdf
HP-49G,,7,ALPHA,left,,USER,,,3,,,hp/manuals/HP-49G.pdf
HP-49G,,7,ALPHA,right,,ENTRY,,,3,,,hp/manuals/HP-49G.pdf
HP-49G,,7,7,none,,7,digit 7,,3,,,hp/manuals/HP-49G.pdf
HP-49G,,7,7,left,,S.SLV,,,3,,,hp/manuals/HP-49G.pdf
HP-49G,,7,7,right,,NUM.SLV,,,3,,,hp/manuals/HP-49G.pdf
HP-49G,,7,8,none,,8,digit 8,,3,,,hp/manuals/HP-49G.pdf
HP-49G,,7,8,left,,EXP&LN,rewrite using exp and ln,,3,,,hp/manuals/HP-49G.pdf
HP-49G,,7,8,right,,TRIG,simplify with trig identities,,3,,,hp/manuals/HP-49G.pdf
HP-49G,,7,9,none,,9,digit 9,,3,,,hp/manuals/HP-49G.pdf
HP-49G,,7,9,left,,FINANCE,,,3,,,hp/manuals/HP-49G.pdf
HP-49G,,7,9,right,,TIME,,,3,,,hp/manuals/HP-49G.pdf
HP-49G,,7,×,none,,×,,,3,,,hp/manuals/HP-49G.pdf
HP-49G,,7,×,left,,[ ],,,3,,,hp/manuals/HP-49G.pdf
HP-49G,,7,×,right,,"""  """,,,3,,,hp/manuals/HP-49G.pdf
HP-49G,,8,← (left-shift key),none,,← (left-shift key),,,3,,,hp/manuals/HP-49G.pdf
HP-49G,,8,4,none,,4,digit 4,,3,,,hp/manuals/HP-49G.pdf
HP-49G,,8,4,left,,CALC,,,3,,,hp/manuals/HP-49G.pdf
HP-49G,,8,4,right,,ALG,,,3,,,hp/manuals/HP-49G.pdf
HP-49G,,8,5,none,,5,digit 5,,3,,,hp/manuals/HP-49G.pdf
HP-49G,,8,5,left,,MATRICES,,,3,,,hp/manuals/HP-49G.pdf
HP-49G,,8,5,right,,STAT,,,3,,,hp/manuals/HP-49G.pdf
HP-49G,,8,6,none,,6,digit 6,,3,,,hp/manuals/HP-49G.pdf
HP-49G,,8,6,left,,CONVERT,convert compatible units,,3,,,hp/manuals/HP-49G.pdf
HP-49G,,8,6,right,,UNITS,,,3,,,hp/manuals/HP-49G.pdf
HP-49G,,8,−,none,,−,,,3,,,hp/manuals/HP-49G.pdf
HP-49G,,8,−,left,,( ),,,3,,,hp/manuals/HP-49G.pdf
HP-49G,,8,−,right,,_ (underscore),,,3,,,hp/manuals/HP-49G.pdf
HP-49G,,9,→ (right-shift key),none,,→ (right-shift key),,,3,,,hp/manuals/HP-49G.pdf
HP-49G,,9,1,none,,1,digit 1,,3,,,hp/manuals/HP-49G.pdf
HP-49G,,9,1,left,,ARITH,,,3,,,hp/manuals/HP-49G.pdf
HP-49G,,9,1,right,,CMPLX,,,3,,,hp/manuals/HP-49G.pdf
HP-49G,,9,2,none,,2,digit 2,,3,,,hp/manuals/HP-49G.pdf
HP-49G,,9,2,left,,DEF,,,3,,,hp/manuals/HP-49G.pdf
HP-49G,,9,2,right,,LIB,,,3,,,hp/manuals/HP-49G.pdf
HP-49G,,9,3,none,,3,digit 3,,3,,,hp/manuals/HP-49G.pdf
HP-49G,,9,3,left,,#,,,3,,,hp/manuals/HP-49G.pdf
HP-49G,,9,3,right,,BASE,,,3,,,hp/manuals/HP-49G.pdf
HP-49G,,9,+,none,,+,,,3,,,hp/manuals/HP-49G.pdf
HP-49G,,9,+,left,,{ },,,3,,,hp/manuals/HP-49G.pdf
HP-49G,,9,+,right,,«  »,,,3,,,hp/manuals/HP-49G.pdf
HP-49G,,10,ON,none,,ON,power on/off,,3,,,hp/manuals/HP-49G.pdf
HP-49G,,10,ON,left,,CONT,,,3,,,hp/manuals/HP-49G.pdf
HP-49G,,10,ON,right,,OFF,power on/off,,3,,,hp/manuals/HP-49G.pdf
HP-49G,,10,0,none,,0,digit 0,,3,,,hp/manuals/HP-49G.pdf
HP-49G,,10,0,left,,∞,,,3,,,hp/manuals/HP-49G.pdf
HP-49G,,10,0,right,,→,,,3,,,hp/manuals/HP-49G.pdf
HP-49G,,10,. (decimal),none,,. (decimal),,,3,,,hp/manuals/HP-49G.pdf
HP-49G,,10,. (decimal),left,,::,,,3,,,hp/manuals/HP-49G.pdf
HP-49G,,10,. (decimal),right,,↵,,,3,,,hp/manuals/HP-49G.pdf
HP-49G,,10,SPC,none,,SPC,,,3,,,hp/manuals/HP-49G.pdf
HP-49G,,10,SPC,left,,π,,,3,,,hp/manuals/HP-49G.pdf
HP-49G,,10,SPC,right,,", (comma)",,,3,,,hp/manuals/HP-49G.pdf
HP-49G,,10,ENTER,none,,ENTER,,,3,,,hp/manuals/HP-49G.pdf
HP-49G,,10,ENTER,left,,ANS,,,3,,,hp/manuals/HP-49G.pdf
HP-49G,,10,ENTER,right,,→NUM,evaluate numerically,,3,,,hp/manuals/HP-49G.pdf
HP-50g,,1,F1,none,,F1,,1–11,40,,,hp/manuals/HP-50g.pdf
HP-50g,,1,F1,left,white,Y=,,1–11,40,,,hp/manuals/HP-50g.pdf
HP-50g,,1,F1,alpha,,A,,1–11,40,,,hp/manuals/HP-50g.pdf
HP-50g,,1,F2,none,,F2,,1–11,40,,,hp/manuals/HP-50g.pdf
HP-50g,,1,F2,left,white,WIN,,1–11,40,,,hp/manuals/HP-50g.pdf
HP-50g,,1,F2,alpha,,B,,1–11,40,,,hp/manuals/HP-50g.pdf
HP-50g,,1,F3,none,,F3,,1–11,40,,,hp/manuals/HP-50g.pdf
HP-50g,,1,F3,left,white,GRAPH,,1–11,40,,,hp/manuals/HP-50g.pdf
HP-50g,,1,F3,alpha,,C,,1–11,40,,,hp/manuals/HP-50g.pdf
HP-50g,,1,F4,none,,F4,,1–11,40,,,hp/manuals/HP-50g.pdf
HP-50g,,1,F4,left,white,2D/3D,,1–11,40,,,hp/manuals/HP-50g.pdf
HP-50g,,1,F4,alpha,,D,,1–11,40,,,hp/manuals/HP-50g.pdf
HP-50g,,1,F5,none,,F5,,1–11,40,,,hp/manuals/HP-50g.pdf
HP-50g,,1,F5,left,white,TBLSET,,1–11,40,,,hp/manuals/HP-50g.pdf
HP-50g,,1,F5,alpha,,E,,1–11,40,,,hp/manuals/HP-50g.pdf
HP-50g,,1,F6,none,,F6,,1–11,40,,,hp/manuals/HP-50g.pdf
HP-50g,,1,F6,left,white,TABLE,,1–11,40,,,hp/manuals/HP-50g.pdf
HP-50g,,1,F6,alpha,,F,,1–11,40,,,hp/manuals/HP-50g.pdf
HP-50g,,2,APPS,none,,APPS,,1–11,40,,,hp/manuals/HP-50g.pdf
HP-50g,,2,APPS,left,white,FILES,,1–11,40,,,hp/manuals/HP-50g.pdf
HP-50g,,2,APPS,right,orange,BEGIN,,1–11,40,,,hp/manuals/HP-50g.pdf
HP-50g,,2,APPS,alpha,,G,,1–11,40,,,hp/manuals/HP-50g.pdf
HP-50g,,2,MODE,none,,MODE,,1–11,40,,,hp/manuals/HP-50g.pdf
HP-50g,,2,MODE,left,white,CUSTOM,,1–11,40,,,hp/manuals/HP-50g.pdf
HP-50g,,2,MODE,right,orange,END,close a control structure,1–11,40,,,hp/manuals/HP-50g.pdf
HP-50g,,2,MODE,alpha,,H,,1–11,40,,,hp/manuals/HP-50g.pdf
HP-50g,,2,TOOL,none,,TOOL,,1–11,40,,,hp/manuals/HP-50g.pdf
HP-50g,,2,TOOL,left,white,i,imaginary unit constant,1–11,40,,,hp/manuals/HP-50g.pdf
HP-50g,,2,TOOL,right,orange,\,,1–11,40,,,hp/manuals/HP-50g.pdf
HP-50g,,2,▲ (up),none,,▲ (up),,1–11,40,,,hp/manuals/HP-50g.pdf
HP-50g,,2,◄ (left),none,,◄ (left),,1–11,40,,,hp/manuals/HP-50g.pdf
HP-50g,,2,► (right),none,,► (right),,1–11,40,,,hp/manuals/HP-50g.pdf
HP-50g,,3,VAR,none,,VAR,variance of columns,1–11,40,,,hp/manuals/HP-50g.pdf
HP-50g,,3,VAR,left,white,UPDIR,move to parent directory,1–11,40,,,hp/manuals/HP-50g.pdf
HP-50g,,3,VAR,right,orange,COPY,,1–11,40,,,hp/manuals/HP-50g.pdf
HP-50g,,3,VAR,alpha,,J,,1–11,40,,,hp/manuals/HP-50g.pdf
HP-50g,,3,STO▸,none,,STO▸,,1–11,40,,,hp/manuals/HP-50g.pdf
HP-50g,,3,STO▸,left,white,RCL,recall a variable's contents,1–11,40,,,hp/manuals/HP-50g.pdf
HP-50g,,3,STO▸,right,orange,CUT,,1–11,40,,,hp/manuals/HP-50g.pdf
HP-50g,,3,STO▸,alpha,,K,,1–11,40,,,hp/manuals/HP-50g.pdf
HP-50g,,3,NXT,none,,NXT,,1–11,40,,,hp/manuals/HP-50g.pdf
HP-50g,,3,NXT,left,white,PREV,,1–11,40,,,hp/manuals/HP-50g.pdf
HP-50g,,3,NXT,right,orange,PASTE,,1–11,40,,,hp/manuals/HP-50g.pdf
HP-50g,,3,NXT,alpha,,L,,1–11,40,,,hp/manuals/HP-50g.pdf
HP-50g,,3,▼ (down),none,,▼ (down),,1–11,40,,,hp/manuals/HP-50g.pdf
HP-50g,,4,HIST,none,,HIST,,1–11,40,,,hp/manuals/HP-50g.pdf
HP-50g,,4,HIST,left,white,CMD,,1–11,40,,,hp/manuals/HP-50g.pdf
HP-50g,,4,HIST,right,orange,UNDO,,1–11,40,,,hp/manuals/HP-50g.pdf
HP-50g,,4,HIST,alpha,,M,,1–11,40,,,hp/manuals/HP-50g.pdf
HP-50g,,4,EVAL,none,,EVAL,evaluate an object,1–11,40,,,hp/manuals/HP-50g.pdf
HP-50g,,4,EVAL,left,white,PRG,,1–11,40,,,hp/manuals/HP-50g.pdf
HP-50g,,4,EVAL,right,orange,CHARS,,1–11,40,,,hp/manuals/HP-50g.pdf
HP-50g,,4,EVAL,alpha,,N,number of data rows,1–11,40,,,hp/manuals/HP-50g.pdf
HP-50g,,4,' (tick),none,,' (tick),,1–11,40,,,hp/manuals/HP-50g.pdf
HP-50g,,4,' (tick),left,white,MTRW,,1–11,40,,,hp/manuals/HP-50g.pdf
HP-50g,,4,' (tick),right,orange,EQW,,1–11,40,,,hp/manuals/HP-50g.pdf
HP-50g,,4,' (tick),alpha,,O,,1–11,40,,,hp/manuals/HP-50g.pdf
HP-50g,,4,SYMB,none,,SYMB,,1–11,40,,,hp/manuals/HP-50g.pdf
HP-50g,,4,SYMB,left,white,MTH,,1–11,40,,,hp/manuals/HP-50g.pdf
HP-50g,,4,SYMB,right,orange,CAT,,1–11,40,,,hp/manuals/HP-50g.pdf
HP-50g,,4,SYMB,alpha,,P,,1–11,40,,,hp/manuals/HP-50g.pdf
HP-50g,,4,← (backspace),none,,← (backspace),,1–11,40,,,hp/manuals/HP-50g.pdf
HP-50g,,4,← (backspace),left,white,DEL,,1–11,40,,,hp/manuals/HP-50g.pdf
HP-50g,,4,← (backspace),right,orange,CLEAR,clear the entire stack,1–11,40,,,hp/manuals/HP-50g.pdf
HP-50g,,5,yˣ,none,,yˣ,,1–11,40,,,hp/manuals/HP-50g.pdf
HP-50g,,5,yˣ,left,white,eˣ,,1–11,40,,,hp/manuals/HP-50g.pdf
HP-50g,,5,yˣ,right,orange,LN,natural logarithm,1–11,40,,,hp/manuals/HP-50g.pdf
HP-50g,,5,yˣ,alpha,,Q,,1–11,40,,,hp/manuals/HP-50g.pdf
HP-50g,,5,√x,none,,√x,,1–11,40,,,hp/manuals/HP-50g.pdf
HP-50g,,5,√x,left,white,x²,,1–11,40,,,hp/manuals/HP-50g.pdf
HP-50g,,5,√x,right,orange,ˣ√y,,1–11,40,,,hp/manuals/HP-50g.pdf
HP-50g,,5,√x,alpha,,R,,1–11,40,,,hp/manuals/HP-50g.pdf
HP-50g,,5,SIN,none,,SIN,sine,1–11,40,,,hp/manuals/HP-50g.pdf
HP-50g,,5,SIN,left,white,ASIN,arc sine,1–11,40,,,hp/manuals/HP-50g.pdf
HP-50g,,5,SIN,right,orange,Σ,symbolic summation antidifference,1–11,40,,,hp/manuals/HP-50g.pdf
HP-50g,,5,SIN,alpha,,S,,1–11,40,,,hp/manuals/HP-50g.pdf
HP-50g,,5,COS,none,,COS,cosine,1–11,40,,,hp/manuals/HP-50g.pdf
HP-50g,,5,COS,left,white,ACOS,arc cosine,1–11,40,,,hp/manuals/HP-50g.pdf
HP-50g,,5,COS,right,orange,∂,partial derivative operator,1–11,40,,,hp/manuals/HP-50g.pdf
HP-50g,,5,COS,alpha,,T,percent total,1–11,40,,,hp/manuals/HP-50g.pdf
HP-50g,,5,TAN,none,,TAN,tangent,1–11,40,,,hp/manuals/HP-50g.pdf
HP-50g,,5,TAN,left,white,ATAN,arc tangent,1–11,40,,,hp/manuals/HP-50g.pdf
HP-50g,,5,TAN,right,orange,∫,definite/indefinite integral operator,1–11,40,,,hp/manuals/HP-50g.pdf
HP-50g,,5,TAN,alpha,,U,,1–11,40,,,hp/manuals/HP-50g.pdf
HP-50g,,6,EEX,none,,EEX,,1–11,40,,,hp/manuals/HP-50g.pdf
HP-50g,,6,EEX,left,white,10ˣ,,1–11,40,,,hp/manuals/HP-50g.pdf
HP-50g,,6,EEX,right,orange,LOG,base-10 logarithm,1–11,40,,,hp/manuals/HP-50g.pdf
HP-50g,,6,EEX,alpha,,V,,1–11,40,,,hp/manuals/HP-50g.pdf
HP-50g,,6,+/−,none,,+/−,,1–11,40,,,hp/manuals/HP-50g.pdf
HP-50g,,6,+/−,left,white,≠,inequality test,1–11,40,,,hp/manuals/HP-50g.pdf
HP-50g,,6,+/−,right,orange,=,,1–11,40,,,hp/manuals/HP-50g.pdf
HP-50g,,6,+/−,alpha,,W,,1–11,40,,,hp/manuals/HP-50g.pdf
HP-50g,,6,X,none,,X,,1–11,40,,,hp/manuals/HP-50g.pdf
HP-50g,,6,X,left,white,≤,less than or equal,1–11,40,,,hp/manuals/HP-50g.pdf
HP-50g,,6,X,right,orange,<,less than,1–11,40,,,hp/manuals/HP-50g.pdf
HP-50g,,6,X,alpha,,X,,1–11,40,,,hp/manuals/HP-50g.pdf
HP-50g,,6,1/X,none,,1/X,,1–11,40,,,hp/manuals/HP-50g.pdf
HP-50g,,6,1/X,left,white,≥,greater than or equal,1–11,40,,,hp/manuals/HP-50g.pdf
HP-50g,,6,1/X,right,orange,>,greater than,1–11,40,,,hp/manuals/HP-50g.pdf
HP-50g,,6,1/X,alpha,,Y,,1–11,40,,,hp/manuals/HP-50g.pdf
HP-50g,,6,÷,none,,÷,,1–11,40,,,hp/manuals/HP-50g.pdf
HP-50g,,6,÷,left,white,ABS,absolute value or magnitude,1–11,40,,,hp/manuals/HP-50g.pdf
HP-50g,,6,÷,right,orange,ARG,argument (phase angle),1–11,40,,,hp/manuals/HP-50g.pdf
HP-50g,,6,÷,alpha,,Z,,1–11,40,,,hp/manuals/HP-50g.pdf
HP-50g,,7,ALPHA,none,,ALPHA,,1–11,40,,,hp/manuals/HP-50g.pdf
HP-50g,,7,ALPHA,left,white,USER,,1–11,40,,,hp/manuals/HP-50g.pdf
HP-50g,,7,ALPHA,right,orange,ENTRY,,1–11,40,,,hp/manuals/HP-50g.pdf
HP-50g,,7,7,none,,7,digit 7,1–11,40,,,hp/manuals/HP-50g.pdf
HP-50g,,7,7,left,white,S.SLV,,1–11,40,,,hp/manuals/HP-50g.pdf
HP-50g,,7,7,right,orange,NUM.SLV,,1–11,40,,,hp/manuals/HP-50g.pdf
HP-50g,,7,8,none,,8,digit 8,1–11,40,,,hp/manuals/HP-50g.pdf
HP-50g,,7,8,left,white,EXP&LN,rewrite using exp and ln,1–11,40,,,hp/manuals/HP-50g.pdf
HP-50g,,7,8,right,orange,TRIG,,1–11,40,,,hp/manuals/HP-50g.pdf
HP-50g,,7,9,none,,9,digit 9,1–11,40,,,hp/manuals/HP-50g.pdf
HP-50g,,7,9,left,white,FINANCE,,1–11,40,,,hp/manuals/HP-50g.pdf
HP-50g,,7,9,right,orange,TIME,current system time,1–11,40,,,hp/manuals/HP-50g.pdf
HP-50g,,7,×,none,,×,,1–11,40,,,hp/manuals/HP-50g.pdf
HP-50g,,7,×,left,white,[ ],,1–11,40,,,hp/manuals/HP-50g.pdf
HP-50g,,7,×,right,orange,""" """,,1–11,40,,,hp/manuals/HP-50g.pdf
HP-50g,,8,← (left-shift key),none,,← (left-shift key),,1–11,40,,,hp/manuals/HP-50g.pdf
HP-50g,,8,4,none,,4,digit 4,1–11,40,,,hp/manuals/HP-50g.pdf
HP-50g,,8,4,left,white,CALC,,1–11,40,,,hp/manuals/HP-50g.pdf
HP-50g,,8,4,right,orange,ALG,,1–11,40,,,hp/manuals/HP-50g.pdf
HP-50g,,8,5,none,,5,digit 5,1–11,40,,,hp/manuals/HP-50g.pdf
HP-50g,,8,5,left,white,MATRICES,,1–11,40,,,hp/manuals/HP-50g.pdf
HP-50g,,8,5,right,orange,STAT,,1–11,40,,,hp/manuals/HP-50g.pdf
HP-50g,,8,6,none,,6,digit 6,1–11,40,,,hp/manuals/HP-50g.pdf
HP-50g,,8,6,left,white,CONVERT,convert between compatible units,1–11,40,,,hp/manuals/HP-50g.pdf
HP-50g,,8,6,right,orange,UNITS,,1–11,40,,,hp/manuals/HP-50g.pdf
HP-50g,,8,−,none,,−,,1–11,40,,,hp/manuals/HP-50g.pdf
HP-50g,,8,−,left,white,( ),,1–11,40,,,hp/manuals/HP-50g.pdf
HP-50g,,8,−,right,orange,_ (underscore),,1–11,40,,,hp/manuals/HP-50g.pdf
HP-50g,,9,→ (right-shift key),none,,→ (right-shift key),,1–11,40,,,hp/manuals/HP-50g.pdf
HP-50g,,9,1,none,,1,digit 1,1–11,40,,,hp/manuals/HP-50g.pdf
HP-50g,,9,1,left,white,ARITH,,1–11,40,,,hp/manuals/HP-50g.pdf
HP-50g,,9,1,right,orange,CMPLX,,1–11,40,,,hp/manuals/HP-50g.pdf
HP-50g,,9,2,none,,2,digit 2,1–11,40,,,hp/manuals/HP-50g.pdf
HP-50g,,9,2,left,white,DEF,,1–11,40,,,hp/manuals/HP-50g.pdf
HP-50g,,9,2,right,orange,LIB,,1–11,40,,,hp/manuals/HP-50g.pdf
HP-50g,,9,3,none,,3,digit 3,1–11,40,,,hp/manuals/HP-50g.pdf
HP-50g,,9,3,left,white,#,,1–11,40,,,hp/manuals/HP-50g.pdf
HP-50g,,9,3,right,orange,BASE,,1–11,40,,,hp/manuals/HP-50g.pdf
HP-50g,,9,+,none,,+,,1–11,40,,,hp/manuals/HP-50g.pdf
HP-50g,,9,+,left,white,{ },,1–11,40,,,hp/manuals/HP-50g.pdf
HP-50g,,9,+,right,orange,«  »,program delimiters,1–11,40,,,hp/manuals/HP-50g.pdf
HP-50g,,10,ON,none,,ON,power on/off,1–11,40,,,hp/manuals/HP-50g.pdf
HP-50g,,10,ON,left,white,CONT,continue a halted program,1–11,40,,,hp/manuals/HP-50g.pdf
HP-50g,,10,ON,right,orange,OFF,power on/off,1–11,40,,,hp/manuals/HP-50g.pdf
HP-50g,,10,0,none,,0,digit 0,1–11,40,,,hp/manuals/HP-50g.pdf
HP-50g,,10,0,left,white,∞,,1–11,40,,,hp/manuals/HP-50g.pdf
HP-50g,,10,0,right,orange,→,bind local variables,1–11,40,,,hp/manuals/HP-50g.pdf
HP-50g,,10,. (decimal),none,,. (decimal),,1–11,40,,,hp/manuals/HP-50g.pdf
HP-50g,,10,. (decimal),left,white,::,,1–11,40,,,hp/manuals/HP-50g.pdf
HP-50g,,10,. (decimal),right,orange,↵,,1–11,40,,,hp/manuals/HP-50g.pdf
HP-50g,,10,SPC,none,,SPC,,1–11,40,,,hp/manuals/HP-50g.pdf
HP-50g,,10,SPC,left,white,π,,1–11,40,,,hp/manuals/HP-50g.pdf
HP-50g,,10,SPC,right,orange,", (comma)",,1–11,40,,,hp/manuals/HP-50g.pdf
HP-50g,,10,ENTER,none,,ENTER,,1–11,40,,,hp/manuals/HP-50g.pdf
HP-50g,,10,ENTER,left,white,ANS,,1–11,40,,,hp/manuals/HP-50g.pdf
HP-50g,,10,ENTER,right,orange,→NUM,evaluate to a number,1–11,40,,,hp/manuals/HP-50g.pdf
HP-35s,,1,R/S,none,,R/S,runs or stops a program (STOP),1–2,18,,,hp/manuals/HP-35s.pdf
HP-35s,,1,R/S,left,yellow,FN=,selects a program label as the current function,1–2,18,,,hp/manuals/HP-35s.pdf
HP-35s,,1,R/S,right,blue,PRGM,toggles program-entry mode,1–2,18,,,hp/manuals/HP-35s.pdf
HP-35s,,1,R/S,alpha,,A,,1–2,18,,,hp/manuals/HP-35s.pdf
HP-35s,,1,GTO,none,,GTO,branches the program pointer to a label/line,1–2,18,,,hp/manuals/HP-35s.pdf
HP-35s,,1,GTO,left,yellow,ISG,increment-and-skip-if-greater loop counter,1–2,18,,,hp/manuals/HP-35s.pdf
HP-35s,,1,GTO,right,blue,DSE,decrement-and-skip-if-less-or-equal loop counter,1–2,18,,,hp/manuals/HP-35s.pdf
HP-35s,,1,GTO,alpha,,B,y-intercept of the regression line,1–2,18,,,hp/manuals/HP-35s.pdf
HP-35s,,1,XEQ,none,,XEQ,executes a labelled program,1–2,18,,,hp/manuals/HP-35s.pdf
HP-35s,,1,XEQ,left,yellow,RTN,returns from a routine or ends a program,1–2,18,,,hp/manuals/HP-35s.pdf
HP-35s,,1,XEQ,right,blue,LBL,labels a program routine,1–2,18,,,hp/manuals/HP-35s.pdf
HP-35s,,1,XEQ,alpha,,C,sets the maximum fraction denominator,1–2,18,,,hp/manuals/HP-35s.pdf
HP-35s,,1,MODE,none,,MODE,opens the operating/angular mode menu,1–2,18,,,hp/manuals/HP-35s.pdf
HP-35s,,1,MODE,left,yellow,x?y,opens the x-versus-y comparison menu,1–2,18,,,hp/manuals/HP-35s.pdf
HP-35s,,1,MODE,right,blue,x?0,opens the x-versus-zero comparison menu,1–2,18,,,hp/manuals/HP-35s.pdf
HP-35s,,1,MODE,alpha,,D,,1–2,18,,,hp/manuals/HP-35s.pdf
HP-35s,,1,▲ (up),none,,▲ (up),,1–2,18,,,hp/manuals/HP-35s.pdf
HP-35s,,1,▲ (up),left,yellow,FLAGS,opens the set/clear/test flag menu,1–2,18,,,hp/manuals/HP-35s.pdf
HP-35s,,2,RCL,none,,RCL,recalls a variable into x,1–2,18,,,hp/manuals/HP-35s.pdf
HP-35s,,2,RCL,left,yellow,x≤?,,1–2,18,,,hp/manuals/HP-35s.pdf
HP-35s,,2,RCL,right,blue,STO,stores x into a named variable,1–2,18,,,hp/manuals/HP-35s.pdf
HP-35s,,2,R↓,none,,R↓,rolls stack down (t→z→y→x→t),1–2,18,,,hp/manuals/HP-35s.pdf
HP-35s,,2,R↓,left,yellow,VIEW,shows a variable's value without recalling it,1–2,18,,,hp/manuals/HP-35s.pdf
HP-35s,,2,R↓,right,blue,R↑,rolls stack up (t←z←y←x←t),1–2,18,,,hp/manuals/HP-35s.pdf
HP-35s,,2,R↓,alpha,,E,begins exponent-of-ten entry,1–2,18,,,hp/manuals/HP-35s.pdf
HP-35s,,2,x↔y,none,,x↔y,swaps the X and Y registers,1–2,18,,,hp/manuals/HP-35s.pdf
HP-35s,,2,x↔y,left,yellow,INPUT,prompts for and stores a variable,1–2,18,,,hp/manuals/HP-35s.pdf
HP-35s,,2,x↔y,right,blue,PSE,briefly pauses to show a value,1–2,18,,,hp/manuals/HP-35s.pdf
HP-35s,,2,x↔y,alpha,,F,,1–2,18,,,hp/manuals/HP-35s.pdf
HP-35s,,2,i,none,,i,imaginary-part separator for entry,1–2,18,,,hp/manuals/HP-35s.pdf
HP-35s,,2,i,left,yellow,ARG,argument (angle) of a complex number,1–2,18,,,hp/manuals/HP-35s.pdf
HP-35s,,2,i,right,blue,θ,polar angle separator for entry,1–2,18,,,hp/manuals/HP-35s.pdf
HP-35s,,2,i,alpha,,G,,1–2,18,,,hp/manuals/HP-35s.pdf
HP-35s,,2,◄ (left),none,,◄ (left),,1–2,18,,,hp/manuals/HP-35s.pdf
HP-35s,,2,◄ (left),left,yellow,DISPLAY,opens the number-format menu,1–2,18,,,hp/manuals/HP-35s.pdf
HP-35s,,2,► (right),none,,► (right),,1–2,18,,,hp/manuals/HP-35s.pdf
HP-35s,,2,► (right),left,yellow,CONST,,1–2,18,,,hp/manuals/HP-35s.pdf
HP-35s,,3,SIN,none,,SIN,sine of x,1–2,18,,,hp/manuals/HP-35s.pdf
HP-35s,,3,SIN,left,yellow,HYP,hyperbolic prefix for next trig key,1–2,18,,,hp/manuals/HP-35s.pdf
HP-35s,,3,SIN,right,blue,ASIN,inverse sine,1–2,18,,,hp/manuals/HP-35s.pdf
HP-35s,,3,SIN,alpha,,H,,1–2,18,,,hp/manuals/HP-35s.pdf
HP-35s,,3,COS,none,,COS,cosine of x,1–2,18,,,hp/manuals/HP-35s.pdf
HP-35s,,3,COS,left,yellow,π,inserts pi to 12 digits,1–2,18,,,hp/manuals/HP-35s.pdf
HP-35s,,3,COS,right,blue,ACOS,inverse cosine,1–2,18,,,hp/manuals/HP-35s.pdf
HP-35s,,3,COS,alpha,,I,imaginary-part separator for entry,1–2,18,,,hp/manuals/HP-35s.pdf
HP-35s,,3,TAN,none,,TAN,tangent of x,1–2,18,,,hp/manuals/HP-35s.pdf
HP-35s,,3,TAN,left,yellow,INTG,greatest integer not exceeding x,1–2,18,,,hp/manuals/HP-35s.pdf
HP-35s,,3,TAN,right,blue,ATAN,inverse tangent,1–2,18,,,hp/manuals/HP-35s.pdf
HP-35s,,3,TAN,alpha,,J,,1–2,18,,,hp/manuals/HP-35s.pdf
HP-35s,,3,√x,none,,√x,square root of x,1–2,18,,,hp/manuals/HP-35s.pdf
HP-35s,,3,√x,left,yellow,x√y,the x-th root of y,1–2,18,,,hp/manuals/HP-35s.pdf
HP-35s,,3,√x,right,blue,x²,squares x,1–2,18,,,hp/manuals/HP-35s.pdf
HP-35s,,3,√x,alpha,,K,,1–2,18,,,hp/manuals/HP-35s.pdf
HP-35s,,3,yˣ,none,,yˣ,raises y to the x power,1–2,18,,,hp/manuals/HP-35s.pdf
HP-35s,,3,yˣ,left,yellow,LOG,common (base-10) logarithm,1–2,18,,,hp/manuals/HP-35s.pdf
HP-35s,,3,yˣ,right,blue,LN,natural logarithm,1–2,18,,,hp/manuals/HP-35s.pdf
HP-35s,,3,yˣ,alpha,,L,,1–2,18,,,hp/manuals/HP-35s.pdf
HP-35s,,3,1/x,none,,1/x,reciprocal of x,1–2,18,,,hp/manuals/HP-35s.pdf
HP-35s,,3,1/x,left,yellow,10ˣ,common (base-10) exponential,1–2,18,,,hp/manuals/HP-35s.pdf
HP-35s,,3,1/x,right,blue,eˣ,natural exponential,1–2,18,,,hp/manuals/HP-35s.pdf
HP-35s,,3,1/x,alpha,,M,slope of the regression line,1–2,18,,,hp/manuals/HP-35s.pdf
HP-35s,,3,▼ (down),none,,▼ (down),,1–2,18,,,hp/manuals/HP-35s.pdf
HP-35s,,3,▼ (down),left,yellow,MEM,shows free memory and catalog menu,1–2,18,,,hp/manuals/HP-35s.pdf
HP-35s,,4,ENTER,none,,ENTER,"pushes x up, duplicating it into y",1–2,18,,,hp/manuals/HP-35s.pdf
HP-35s,,4,ENTER,left,yellow,SHOW,shows full 12-digit mantissa or checksum,1–2,18,,,hp/manuals/HP-35s.pdf
HP-35s,,4,ENTER,right,blue,LASTx,recalls the last-x value,1–2,18,,,hp/manuals/HP-35s.pdf
HP-35s,,4,+/−,none,,+/−,changes the sign of x,1–2,18,,,hp/manuals/HP-35s.pdf
HP-35s,,4,+/−,left,yellow,=,evaluates the displayed equation,1–2,18,,,hp/manuals/HP-35s.pdf
HP-35s,,4,+/−,right,blue,ABS,absolute value of x,1–2,18,,,hp/manuals/HP-35s.pdf
HP-35s,,4,+/−,alpha,,N,count of accumulated data pairs,1–2,18,,,hp/manuals/HP-35s.pdf
HP-35s,,4,E (exponent),none,,E (exponent),,1–2,18,,,hp/manuals/HP-35s.pdf
HP-35s,,4,E (exponent),left,yellow,←ENG,shifts exponent display down by three,1–2,18,,,hp/manuals/HP-35s.pdf
HP-35s,,4,E (exponent),right,blue,RND,rounds x to the current display format,1–2,18,,,hp/manuals/HP-35s.pdf
HP-35s,,4,E (exponent),alpha,,O,,1–2,18,,,hp/manuals/HP-35s.pdf
HP-35s,,4,( ),none,,( ),,1–2,18,,,hp/manuals/HP-35s.pdf
HP-35s,,4,( ),left,yellow,ENG→,shifts exponent display up by three,1–2,18,,,hp/manuals/HP-35s.pdf
HP-35s,,4,( ),right,blue,[ ],begins a 2-D or 3-D vector entry,1–2,18,,,hp/manuals/HP-35s.pdf
HP-35s,,4,( ),alpha,,P,,1–2,18,,,hp/manuals/HP-35s.pdf
HP-35s,,4,← (backspace),none,,← (backspace),,1–2,18,,,hp/manuals/HP-35s.pdf
HP-35s,,4,← (backspace),left,yellow,UNDO,restores the last cleared or changed entry,1–2,18,,,hp/manuals/HP-35s.pdf
HP-35s,,4,← (backspace),right,blue,CLEAR,opens the clear-memory menu,1–2,18,,,hp/manuals/HP-35s.pdf
HP-35s,,5,EQN,none,,EQN,enters or leaves equation-entry mode,1–2,18,,,hp/manuals/HP-35s.pdf
HP-35s,,5,EQN,left,yellow,∫ (integral),,1–2,18,,,hp/manuals/HP-35s.pdf
HP-35s,,5,EQN,right,blue,SOLVE,solves the current equation for a variable,1–2,18,,,hp/manuals/HP-35s.pdf
HP-35s,,5,EQN,alpha,,Q,,1–2,18,,,hp/manuals/HP-35s.pdf
HP-35s,,5,7,none,,7,digit 7,1–2,18,,,hp/manuals/HP-35s.pdf
HP-35s,,5,7,left,yellow,→°F,converts Celsius to Fahrenheit,1–2,18,,,hp/manuals/HP-35s.pdf
HP-35s,,5,7,right,blue,→°C,converts Fahrenheit to Celsius,1–2,18,,,hp/manuals/HP-35s.pdf
HP-35s,,5,7,alpha,,R,correlation coefficient,1–2,18,,,hp/manuals/HP-35s.pdf
HP-35s,,5,8,none,,8,digit 8,1–2,18,,,hp/manuals/HP-35s.pdf
HP-35s,,5,8,left,yellow,HMS→,converts H.MMSS to decimal hours,1–2,18,,,hp/manuals/HP-35s.pdf
HP-35s,,5,8,right,blue,→HMS,converts decimal hours to H.MMSS,1–2,18,,,hp/manuals/HP-35s.pdf
HP-35s,,5,8,alpha,,S,,1–2,18,,,hp/manuals/HP-35s.pdf
HP-35s,,5,9,none,,9,digit 9,1–2,18,,,hp/manuals/HP-35s.pdf
HP-35s,,5,9,left,yellow,→RAD,converts degrees to radians,1–2,18,,,hp/manuals/HP-35s.pdf
HP-35s,,5,9,right,blue,→DEG,converts radians to degrees,1–2,18,,,hp/manuals/HP-35s.pdf
HP-35s,,5,9,alpha,,T,,1–2,18,,,hp/manuals/HP-35s.pdf
HP-35s,,5,÷,none,,÷,division,1–2,18,,,hp/manuals/HP-35s.pdf
HP-35s,,5,÷,left,yellow,%CHG,percent change from y to x,1–2,18,,,hp/manuals/HP-35s.pdf
HP-35s,,5,÷,right,blue,%,percent: (y × x) ÷ 100,1–2,18,,,hp/manuals/HP-35s.pdf
HP-35s,,6,◄ (left-shift key),none,,◄ (left-shift key),,1–2,18,,,hp/manuals/HP-35s.pdf
HP-35s,,6,4,none,,4,digit 4,1–2,18,,,hp/manuals/HP-35s.pdf
HP-35s,,6,4,left,yellow,→lb,converts kilograms to pounds,1–2,18,,,hp/manuals/HP-35s.pdf
HP-35s,,6,4,right,blue,→kg,converts pounds to kilograms,1–2,18,,,hp/manuals/HP-35s.pdf
HP-35s,,6,4,alpha,,U,,1–2,18,,,hp/manuals/HP-35s.pdf
HP-35s,,6,5,none,,5,digit 5,1–2,18,,,hp/manuals/HP-35s.pdf
HP-35s,,6,5,left,yellow,→MILE,converts kilometres to miles,1–2,18,,,hp/manuals/HP-35s.pdf
HP-35s,,6,5,right,blue,→KM,converts miles to kilometres,1–2,18,,,hp/manuals/HP-35s.pdf
HP-35s,,6,5,alpha,,V,,1–2,18,,,hp/manuals/HP-35s.pdf
HP-35s,,6,6,none,,6,digit 6,1–2,18,,,hp/manuals/HP-35s.pdf
HP-35s,,6,6,left,yellow,→in,converts centimetres to inches,1–2,18,,,hp/manuals/HP-35s.pdf
HP-35s,,6,6,right,blue,→cm,converts inches to centimetres,1–2,18,,,hp/manuals/HP-35s.pdf
HP-35s,,6,6,alpha,,W,,1–2,18,,,hp/manuals/HP-35s.pdf
HP-35s,,6,×,none,,×,multiplication,1–2,18,,,hp/manuals/HP-35s.pdf
HP-35s,,6,×,left,yellow,nCr,combinations of n taken r,1–2,18,,,hp/manuals/HP-35s.pdf
HP-35s,,6,×,right,blue,nPr,permutations of n taken r,1–2,18,,,hp/manuals/HP-35s.pdf
HP-35s,,7,► (right-shift key),none,,► (right-shift key),,1–2,18,,,hp/manuals/HP-35s.pdf
HP-35s,,7,1,none,,1,digit 1,1–2,18,,,hp/manuals/HP-35s.pdf
HP-35s,,7,1,left,yellow,LOGIC,opens the bitwise logic menu,1–2,18,,,hp/manuals/HP-35s.pdf
HP-35s,,7,1,right,blue,BASE,opens the number-base selection menu,1–2,18,,,hp/manuals/HP-35s.pdf
HP-35s,,7,1,alpha,,X,,1–2,18,,,hp/manuals/HP-35s.pdf
HP-35s,,7,2,none,,2,digit 2,1–2,18,,,hp/manuals/HP-35s.pdf
HP-35s,,7,2,left,yellow,→gal,converts litres to gallons,1–2,18,,,hp/manuals/HP-35s.pdf
HP-35s,,7,2,right,blue,→l,converts gallons to litres,1–2,18,,,hp/manuals/HP-35s.pdf
HP-35s,,7,2,alpha,,Y,,1–2,18,,,hp/manuals/HP-35s.pdf
HP-35s,,7,3,none,,3,digit 3,1–2,18,,,hp/manuals/HP-35s.pdf
HP-35s,,7,3,left,yellow,SEED,seeds the random-number generator,1–2,18,,,hp/manuals/HP-35s.pdf
HP-35s,,7,3,right,blue,RAND,,1–2,18,,,hp/manuals/HP-35s.pdf
HP-35s,,7,3,alpha,,Z,,1–2,18,,,hp/manuals/HP-35s.pdf
HP-35s,,7,−,none,,−,subtraction,1–2,18,,,hp/manuals/HP-35s.pdf
HP-35s,,7,−,left,yellow,L.R,,1–2,18,,,hp/manuals/HP-35s.pdf
HP-35s,,7,−,right,blue,SUMS,,1–2,18,,,hp/manuals/HP-35s.pdf
HP-35s,,8,C,none,,C,sets the maximum fraction denominator,1–2,18,,,hp/manuals/HP-35s.pdf
HP-35s,,8,C,left,yellow,OFF,turns the calculator off,1–2,18,,,hp/manuals/HP-35s.pdf
HP-35s,,8,C,right,blue,ON,turns the calculator on,1–2,18,,,hp/manuals/HP-35s.pdf
HP-35s,,8,0,none,,0,digit 0,1–2,18,,,hp/manuals/HP-35s.pdf
HP-35s,,8,0,left,yellow,", (comma)",,1–2,18,,,hp/manuals/HP-35s.pdf
HP-35s,,8,0,right,blue,SPACE,,1–2,18,,,hp/manuals/HP-35s.pdf
HP-35s,,8,0,alpha,,I,imaginary-part separator for entry,1–2,18,,,hp/manuals/HP-35s.pdf
HP-35s,,8,. (decimal),none,,. (decimal),,1–2,18,,,hp/manuals/HP-35s.pdf
HP-35s,,8,. (decimal),left,yellow,/c,sets the maximum fraction denominator,1–2,18,,,hp/manuals/HP-35s.pdf
HP-35s,,8,. (decimal),right,blue,FDISP,toggles fraction-display mode,1–2,18,,,hp/manuals/HP-35s.pdf
HP-35s,,8,. (decimal),alpha,,J,,1–2,18,,,hp/manuals/HP-35s.pdf
HP-35s,,8,Σ+,none,,Σ+,"accumulates (x,y) into the stat registers",1–2,18,,,hp/manuals/HP-35s.pdf
HP-35s,,8,Σ+,left,yellow,Σ−,"removes (x,y) from the stat registers",1–2,18,,,hp/manuals/HP-35s.pdf
HP-35s,,8,Σ+,right,blue,!,factorial (or gamma) of x,1–2,18,,,hp/manuals/HP-35s.pdf
HP-35s,,8,+,none,,+,addition,1–2,18,,,hp/manuals/HP-35s.pdf
HP-35s,,8,+,left,yellow,"x̄,ȳ",,1–2,18,,,hp/manuals/HP-35s.pdf
HP-35s,,8,+,right,blue,"S,σ",,1–2,18,,,hp/manuals/HP-35s.pdf
HP-Prime,"Upper function area (black bezel, around the rocker wheel)",,Apps,none,,Apps,,7–8,57–58,379–506; 534–544; 551–559; 576–585; 627–660,,hp/manuals/HP-Prime.pdf
HP-Prime,"Upper function area (black bezel, around the rocker wheel)",,Apps,shift,blue,Info,,7–8,57–58,379–506; 534–544; 551–559; 576–585; 627–660,,hp/manuals/HP-Prime.pdf
HP-Prime,"Upper function area (black bezel, around the rocker wheel)",,Symb,none,,Symb,,7–8,57–58,379–506; 534–544; 551–559; 576–585; 627–660,,hp/manuals/HP-Prime.pdf
HP-Prime,"Upper function area (black bezel, around the rocker wheel)",,Symb,shift,blue,Setup,,7–8,57–58,379–506; 534–544; 551–559; 576–585; 627–660,,hp/manuals/HP-Prime.pdf
HP-Prime,"Upper function area (black bezel, around the rocker wheel)",,Plot,none,,Plot,,7–8,57–58,379–506; 534–544; 551–559; 576–585; 627–660,,hp/manuals/HP-Prime.pdf
HP-Prime,"Upper function area (black bezel, around the rocker wheel)",,Plot,shift,blue,Setup,,7–8,57–58,379–506; 534–544; 551–559; 576–585; 627–660,,hp/manuals/HP-Prime.pdf
HP-Prime,"Upper function area (black bezel, around the rocker wheel)",,Num,none,,Num,,7–8,57–58,379–506; 534–544; 551–559; 576–585; 627–660,,hp/manuals/HP-Prime.pdf
HP-Prime,"Upper function area (black bezel, around the rocker wheel)",,Num,shift,blue,Setup,,7–8,57–58,379–506; 534–544; 551–559; 576–585; 627–660,,hp/manuals/HP-Prime.pdf
HP-Prime,"Upper function area (black bezel, around the rocker wheel)",,Home (house icon),none,,Home (house icon),,7–8,57–58,379–506; 534–544; 551–559; 576–585; 627–660,,hp/manuals/HP-Prime.pdf
HP-Prime,"Upper function area (black bezel, around the rocker wheel)",,Home (house icon),shift,blue,Settings,,7–8,57–58,379–506; 534–544; 551–559; 576–585; 627–660,,hp/manuals/HP-Prime.pdf
HP-Prime,"Upper function area (black bezel, around the rocker wheel)",,Help,none,,Help,,7–8,57–58,379–506; 534–544; 551–559; 576–585; 627–660,,hp/manuals/HP-Prime.pdf
HP-Prime,"Upper function area (black bezel, around the rocker wheel)",,Help,shift,blue,User,,7–8,57–58,379–506; 534–544; 551–559; 576–585; 627–660,,hp/manuals/HP-Prime.pdf
HP-Prime,"Upper function area (black bezel, around the rocker wheel)",,View,none,,View,Add a custom entry to the app View menu,7–8,57–58,379–506; 534–544; 551–559; 576–585; 627–660,,hp/manuals/HP-Prime.pdf
HP-Prime,"Upper function area (black bezel, around the rocker wheel)",,View,shift,blue,Copy,,7–8,57–58,379–506; 534–544; 551–559; 576–585; 627–660,,hp/manuals/HP-Prime.pdf
HP-Prime,"Upper function area (black bezel, around the rocker wheel)",,Menu,none,,Menu,,7–8,57–58,379–506; 534–544; 551–559; 576–585; 627–660,,hp/manuals/HP-Prime.pdf
HP-Prime,"Upper function area (black bezel, around the rocker wheel)",,Menu,shift,blue,Paste,,7–8,57–58,379–506; 534–544; 551–559; 576–585; 627–660,,hp/manuals/HP-Prime.pdf
HP-Prime,"Upper function area (black bezel, around the rocker wheel)",,Esc,none,,Esc,,7–8,57–58,379–506; 534–544; 551–559; 576–585; 627–660,,hp/manuals/HP-Prime.pdf
HP-Prime,"Upper function area (black bezel, around the rocker wheel)",,Esc,shift,blue,Clear,,7–8,57–58,379–506; 534–544; 551–559; 576–585; 627–660,,hp/manuals/HP-Prime.pdf
HP-Prime,"Upper function area (black bezel, around the rocker wheel)",,CAS,none,,CAS,Run a function/variable via the CAS,7–8,57–58,379–506; 534–544; 551–559; 576–585; 627–660,,hp/manuals/HP-Prime.pdf
HP-Prime,"Upper function area (black bezel, around the rocker wheel)",,CAS,shift,blue,Settings,,7–8,57–58,379–506; 534–544; 551–559; 576–585; 627–660,,hp/manuals/HP-Prime.pdf
HP-Prime,"Upper function area (black bezel, around the rocker wheel)",,Rocker wheel,none,,Rocker wheel,,7–8,57–58,379–506; 534–544; 551–559; 576–585; 627–660,,hp/manuals/HP-Prime.pdf
HP-Prime,Main keypad,1,Vars,none,,Vars,,7–8,57–58,379–506; 534–544; 551–559; 576–585; 627–660,,hp/manuals/HP-Prime.pdf
HP-Prime,Main keypad,1,Vars,shift,blue,Chars,,7–8,57–58,379–506; 534–544; 551–559; 576–585; 627–660,,hp/manuals/HP-Prime.pdf
HP-Prime,Main keypad,1,Vars,alpha,,A,,7–8,57–58,379–506; 534–544; 551–559; 576–585; 627–660,,hp/manuals/HP-Prime.pdf
HP-Prime,Main keypad,1,[toolbox/box icon],none,,[toolbox/box icon],,7–8,57–58,379–506; 534–544; 551–559; 576–585; 627–660,,hp/manuals/HP-Prime.pdf
HP-Prime,Main keypad,1,[toolbox/box icon],shift,blue,Mem,,7–8,57–58,379–506; 534–544; 551–559; 576–585; 627–660,,hp/manuals/HP-Prime.pdf
HP-Prime,Main keypad,1,[toolbox/box icon],alpha,,B,,7–8,57–58,379–506; 534–544; 551–559; 576–585; 627–660,,hp/manuals/HP-Prime.pdf
HP-Prime,Main keypad,1,[template icons: fraction/√/matrix],none,,[template icons: fraction/√/matrix],,7–8,57–58,379–506; 534–544; 551–559; 576–585; 627–660,,hp/manuals/HP-Prime.pdf
HP-Prime,Main keypad,1,[template icons: fraction/√/matrix],shift,blue,Units,,7–8,57–58,379–506; 534–544; 551–559; 576–585; 627–660,,hp/manuals/HP-Prime.pdf
HP-Prime,Main keypad,1,[template icons: fraction/√/matrix],alpha,,C,,7–8,57–58,379–506; 534–544; 551–559; 576–585; 627–660,,hp/manuals/HP-Prime.pdf
HP-Prime,Main keypad,1,x t θ n,none,,x t θ n,,7–8,57–58,379–506; 534–544; 551–559; 576–585; 627–660,,hp/manuals/HP-Prime.pdf
HP-Prime,Main keypad,1,x t θ n,shift,blue,Define,,7–8,57–58,379–506; 534–544; 551–559; 576–585; 627–660,,hp/manuals/HP-Prime.pdf
HP-Prime,Main keypad,1,x t θ n,alpha,,D,,7–8,57–58,379–506; 534–544; 551–559; 576–585; 627–660,,hp/manuals/HP-Prime.pdf
HP-Prime,Main keypad,1,a b/c,none,,a b/c,Toggle last entry between decimal/fraction/mixed,7–8,57–58,379–506; 534–544; 551–559; 576–585; 627–660,,hp/manuals/HP-Prime.pdf
HP-Prime,Main keypad,1,a b/c,shift,blue,e i π,,7–8,57–58,379–506; 534–544; 551–559; 576–585; 627–660,,hp/manuals/HP-Prime.pdf
HP-Prime,Main keypad,1,a b/c,alpha,,E,Insert Euler's number e,7–8,57–58,379–506; 534–544; 551–559; 576–585; 627–660,,hp/manuals/HP-Prime.pdf
HP-Prime,Main keypad,1,⌫ (backspace),none,,⌫ (backspace),,7–8,57–58,379–506; 534–544; 551–559; 576–585; 627–660,,hp/manuals/HP-Prime.pdf
HP-Prime,Main keypad,1,⌫ (backspace),shift,blue,Del,,7–8,57–58,379–506; 534–544; 551–559; 576–585; 627–660,,hp/manuals/HP-Prime.pdf
HP-Prime,Main keypad,2,xʸ,none,,xʸ,,7–8,57–58,379–506; 534–544; 551–559; 576–585; 627–660,,hp/manuals/HP-Prime.pdf
HP-Prime,Main keypad,2,xʸ,shift,blue,√,Square root,7–8,57–58,379–506; 534–544; 551–559; 576–585; 627–660,,hp/manuals/HP-Prime.pdf
HP-Prime,Main keypad,2,xʸ,alpha,,F,,7–8,57–58,379–506; 534–544; 551–559; 576–585; 627–660,,hp/manuals/HP-Prime.pdf
HP-Prime,Main keypad,2,SIN,none,,SIN,,7–8,57–58,379–506; 534–544; 551–559; 576–585; 627–660,,hp/manuals/HP-Prime.pdf
HP-Prime,Main keypad,2,SIN,shift,blue,ASIN,,7–8,57–58,379–506; 534–544; 551–559; 576–585; 627–660,,hp/manuals/HP-Prime.pdf
HP-Prime,Main keypad,2,SIN,alpha,,G,,7–8,57–58,379–506; 534–544; 551–559; 576–585; 627–660,,hp/manuals/HP-Prime.pdf
HP-Prime,Main keypad,2,COS,none,,COS,,7–8,57–58,379–506; 534–544; 551–559; 576–585; 627–660,,hp/manuals/HP-Prime.pdf
HP-Prime,Main keypad,2,COS,shift,blue,ACOS,,7–8,57–58,379–506; 534–544; 551–559; 576–585; 627–660,,hp/manuals/HP-Prime.pdf
HP-Prime,Main keypad,2,COS,alpha,,H,,7–8,57–58,379–506; 534–544; 551–559; 576–585; 627–660,,hp/manuals/HP-Prime.pdf
HP-Prime,Main keypad,2,TAN,none,,TAN,,7–8,57–58,379–506; 534–544; 551–559; 576–585; 627–660,,hp/manuals/HP-Prime.pdf
HP-Prime,Main keypad,2,TAN,shift,blue,ATAN,,7–8,57–58,379–506; 534–544; 551–559; 576–585; 627–660,,hp/manuals/HP-Prime.pdf
HP-Prime,Main keypad,2,TAN,alpha,,I,Insert the imaginary unit i,7–8,57–58,379–506; 534–544; 551–559; 576–585; 627–660,,hp/manuals/HP-Prime.pdf
HP-Prime,Main keypad,2,LN,none,,LN,Natural logarithm,7–8,57–58,379–506; 534–544; 551–559; 576–585; 627–660,,hp/manuals/HP-Prime.pdf
HP-Prime,Main keypad,2,LN,shift,blue,eˣ,,7–8,57–58,379–506; 534–544; 551–559; 576–585; 627–660,,hp/manuals/HP-Prime.pdf
HP-Prime,Main keypad,2,LN,alpha,,J,,7–8,57–58,379–506; 534–544; 551–559; 576–585; 627–660,,hp/manuals/HP-Prime.pdf
HP-Prime,Main keypad,2,LOG,none,,LOG,Common (base-10) logarithm,7–8,57–58,379–506; 534–544; 551–559; 576–585; 627–660,,hp/manuals/HP-Prime.pdf
HP-Prime,Main keypad,2,LOG,shift,blue,10ˣ,,7–8,57–58,379–506; 534–544; 551–559; 576–585; 627–660,,hp/manuals/HP-Prime.pdf
HP-Prime,Main keypad,2,LOG,alpha,,K,,7–8,57–58,379–506; 534–544; 551–559; 576–585; 627–660,,hp/manuals/HP-Prime.pdf
HP-Prime,Main keypad,3,x²,none,,x²,Square a value (complex accepted),7–8,57–58,379–506; 534–544; 551–559; 576–585; 627–660,,hp/manuals/HP-Prime.pdf
HP-Prime,Main keypad,3,x²,shift,blue,√,Square root,7–8,57–58,379–506; 534–544; 551–559; 576–585; 627–660,,hp/manuals/HP-Prime.pdf
HP-Prime,Main keypad,3,x²,alpha,,L,,7–8,57–58,379–506; 534–544; 551–559; 576–585; 627–660,,hp/manuals/HP-Prime.pdf
HP-Prime,Main keypad,3,+/−,none,,+/−,,7–8,57–58,379–506; 534–544; 551–559; 576–585; 627–660,,hp/manuals/HP-Prime.pdf
HP-Prime,Main keypad,3,+/−,shift,blue,\,,7–8,57–58,379–506; 534–544; 551–559; 576–585; 627–660,,hp/manuals/HP-Prime.pdf
HP-Prime,Main keypad,3,+/−,alpha,,x\,,7–8,57–58,379–506; 534–544; 551–559; 576–585; 627–660,,hp/manuals/HP-Prime.pdf
HP-Prime,Main keypad,3,( ),none,,( ),,7–8,57–58,379–506; 534–544; 551–559; 576–585; 627–660,,hp/manuals/HP-Prime.pdf
HP-Prime,Main keypad,3,( ),alpha,,N,,7–8,57–58,379–506; 534–544; 551–559; 576–585; 627–660,,hp/manuals/HP-Prime.pdf
HP-Prime,Main keypad,3,",",none,,",",decimal point,7–8,57–58,379–506; 534–544; 551–559; 576–585; 627–660,,hp/manuals/HP-Prime.pdf
HP-Prime,Main keypad,3,",",shift,blue,Eval,Evaluate an expression,7–8,57–58,379–506; 534–544; 551–559; 576–585; 627–660,,hp/manuals/HP-Prime.pdf
HP-Prime,Main keypad,3,",",alpha,,O,,7–8,57–58,379–506; 534–544; 551–559; 576–585; 627–660,,hp/manuals/HP-Prime.pdf
HP-Prime,Main keypad,3,Enter,none,,Enter,,7–8,57–58,379–506; 534–544; 551–559; 576–585; 627–660,,hp/manuals/HP-Prime.pdf
HP-Prime,Main keypad,3,Enter,shift,blue,≈,,7–8,57–58,379–506; 534–544; 551–559; 576–585; 627–660,,hp/manuals/HP-Prime.pdf
HP-Prime,Main keypad,4,EEX,none,,EEX,Enter numbers in exponential (mantissa·10^exp) notation,7–8,57–58,379–506; 534–544; 551–559; 576–585; 627–660,,hp/manuals/HP-Prime.pdf
HP-Prime,Main keypad,4,EEX,shift,blue,Sto▸,,7–8,57–58,379–506; 534–544; 551–559; 576–585; 627–660,,hp/manuals/HP-Prime.pdf
HP-Prime,Main keypad,4,EEX,alpha,,P,,7–8,57–58,379–506; 534–544; 551–559; 576–585; 627–660,,hp/manuals/HP-Prime.pdf
HP-Prime,Main keypad,4,7,none,,7,digit 7,7–8,57–58,379–506; 534–544; 551–559; 576–585; 627–660,,hp/manuals/HP-Prime.pdf
HP-Prime,Main keypad,4,7,shift,blue,List,,7–8,57–58,379–506; 534–544; 551–559; 576–585; 627–660,,hp/manuals/HP-Prime.pdf
HP-Prime,Main keypad,4,7,alpha,,Q,,7–8,57–58,379–506; 534–544; 551–559; 576–585; 627–660,,hp/manuals/HP-Prime.pdf
HP-Prime,Main keypad,4,8,none,,8,digit 8,7–8,57–58,379–506; 534–544; 551–559; 576–585; 627–660,,hp/manuals/HP-Prime.pdf
HP-Prime,Main keypad,4,8,shift,blue,[ ],,7–8,57–58,379–506; 534–544; 551–559; 576–585; 627–660,,hp/manuals/HP-Prime.pdf
HP-Prime,Main keypad,4,8,alpha,,R,,7–8,57–58,379–506; 534–544; 551–559; 576–585; 627–660,,hp/manuals/HP-Prime.pdf
HP-Prime,Main keypad,4,9,none,,9,digit 9,7–8,57–58,379–506; 534–544; 551–559; 576–585; 627–660,,hp/manuals/HP-Prime.pdf
HP-Prime,Main keypad,4,9,shift,blue,"!,≠,→",,7–8,57–58,379–506; 534–544; 551–559; 576–585; 627–660,,hp/manuals/HP-Prime.pdf
HP-Prime,Main keypad,4,9,alpha,,S,,7–8,57–58,379–506; 534–544; 551–559; 576–585; 627–660,,hp/manuals/HP-Prime.pdf
HP-Prime,Main keypad,4,÷,none,,÷,,7–8,57–58,379–506; 534–544; 551–559; 576–585; 627–660,,hp/manuals/HP-Prime.pdf
HP-Prime,Main keypad,4,÷,shift,blue,x⁻¹,Reciprocal of a value,7–8,57–58,379–506; 534–544; 551–559; 576–585; 627–660,,hp/manuals/HP-Prime.pdf
HP-Prime,Main keypad,4,÷,alpha,,T,,7–8,57–58,379–506; 534–544; 551–559; 576–585; 627–660,,hp/manuals/HP-Prime.pdf
HP-Prime,Main keypad,5,ALPHA,none,,ALPHA,,7–8,57–58,379–506; 534–544; 551–559; 576–585; 627–660,,hp/manuals/HP-Prime.pdf
HP-Prime,Main keypad,5,ALPHA,shift,blue,alpha (lock),,7–8,57–58,379–506; 534–544; 551–559; 576–585; 627–660,,hp/manuals/HP-Prime.pdf
HP-Prime,Main keypad,5,4,none,,4,digit 4,7–8,57–58,379–506; 534–544; 551–559; 576–585; 627–660,,hp/manuals/HP-Prime.pdf
HP-Prime,Main keypad,5,4,shift,blue,Matrix,,7–8,57–58,379–506; 534–544; 551–559; 576–585; 627–660,,hp/manuals/HP-Prime.pdf
HP-Prime,Main keypad,5,4,alpha,,U,,7–8,57–58,379–506; 534–544; 551–559; 576–585; 627–660,,hp/manuals/HP-Prime.pdf
HP-Prime,Main keypad,5,5,none,,5,digit 5,7–8,57–58,379–506; 534–544; 551–559; 576–585; 627–660,,hp/manuals/HP-Prime.pdf
HP-Prime,Main keypad,5,5,shift,blue,[ ],,7–8,57–58,379–506; 534–544; 551–559; 576–585; 627–660,,hp/manuals/HP-Prime.pdf
HP-Prime,Main keypad,5,5,alpha,,V,,7–8,57–58,379–506; 534–544; 551–559; 576–585; 627–660,,hp/manuals/HP-Prime.pdf
HP-Prime,Main keypad,5,6,none,,6,digit 6,7–8,57–58,379–506; 534–544; 551–559; 576–585; 627–660,,hp/manuals/HP-Prime.pdf
HP-Prime,Main keypad,5,6,shift,blue,"≤,≥,≠",,7–8,57–58,379–506; 534–544; 551–559; 576–585; 627–660,,hp/manuals/HP-Prime.pdf
HP-Prime,Main keypad,5,6,alpha,,W,,7–8,57–58,379–506; 534–544; 551–559; 576–585; 627–660,,hp/manuals/HP-Prime.pdf
HP-Prime,Main keypad,5,×,none,,×,,7–8,57–58,379–506; 534–544; 551–559; 576–585; 627–660,,hp/manuals/HP-Prime.pdf
HP-Prime,Main keypad,5,×,shift,blue,∡ (angle),,7–8,57–58,379–506; 534–544; 551–559; 576–585; 627–660,,hp/manuals/HP-Prime.pdf
HP-Prime,Main keypad,5,×,alpha,,X,,7–8,57–58,379–506; 534–544; 551–559; 576–585; 627–660,,hp/manuals/HP-Prime.pdf
HP-Prime,Main keypad,6,Shift,none,,Shift,,7–8,57–58,379–506; 534–544; 551–559; 576–585; 627–660,,hp/manuals/HP-Prime.pdf
HP-Prime,Main keypad,6,1,none,,1,digit 1,7–8,57–58,379–506; 534–544; 551–559; 576–585; 627–660,,hp/manuals/HP-Prime.pdf
HP-Prime,Main keypad,6,1,shift,blue,Program,,7–8,57–58,379–506; 534–544; 551–559; 576–585; 627–660,,hp/manuals/HP-Prime.pdf
HP-Prime,Main keypad,6,1,alpha,,Y,,7–8,57–58,379–506; 534–544; 551–559; 576–585; 627–660,,hp/manuals/HP-Prime.pdf
HP-Prime,Main keypad,6,2,none,,2,digit 2,7–8,57–58,379–506; 534–544; 551–559; 576–585; 627–660,,hp/manuals/HP-Prime.pdf
HP-Prime,Main keypad,6,2,shift,blue,i,Insert the imaginary unit i,7–8,57–58,379–506; 534–544; 551–559; 576–585; 627–660,,hp/manuals/HP-Prime.pdf
HP-Prime,Main keypad,6,2,alpha,,Z,,7–8,57–58,379–506; 534–544; 551–559; 576–585; 627–660,,hp/manuals/HP-Prime.pdf
HP-Prime,Main keypad,6,3,none,,3,digit 3,7–8,57–58,379–506; 534–544; 551–559; 576–585; 627–660,,hp/manuals/HP-Prime.pdf
HP-Prime,Main keypad,6,3,shift,blue,π,Insert the constant π,7–8,57–58,379–506; 534–544; 551–559; 576–585; 627–660,,hp/manuals/HP-Prime.pdf
HP-Prime,Main keypad,6,3,alpha,,#,,7–8,57–58,379–506; 534–544; 551–559; 576–585; 627–660,,hp/manuals/HP-Prime.pdf
HP-Prime,Main keypad,6,−,none,,−,,7–8,57–58,379–506; 534–544; 551–559; 576–585; 627–660,,hp/manuals/HP-Prime.pdf
HP-Prime,Main keypad,6,−,shift,blue,Base,,7–8,57–58,379–506; 534–544; 551–559; 576–585; 627–660,,hp/manuals/HP-Prime.pdf
HP-Prime,Main keypad,6,−,alpha,,:,,7–8,57–58,379–506; 534–544; 551–559; 576–585; 627–660,,hp/manuals/HP-Prime.pdf
HP-Prime,Main keypad,7,On,none,,On,power on/off,7–8,57–58,379–506; 534–544; 551–559; 576–585; 627–660,,hp/manuals/HP-Prime.pdf
HP-Prime,Main keypad,7,On,shift,blue,Off,power on/off,7–8,57–58,379–506; 534–544; 551–559; 576–585; 627–660,,hp/manuals/HP-Prime.pdf
HP-Prime,Main keypad,7,0,none,,0,digit 0,7–8,57–58,379–506; 534–544; 551–559; 576–585; 627–660,,hp/manuals/HP-Prime.pdf
HP-Prime,Main keypad,7,0,shift,blue,Notes,,7–8,57–58,379–506; 534–544; 551–559; 576–585; 627–660,,hp/manuals/HP-Prime.pdf
HP-Prime,Main keypad,7,0,alpha,,""" """,,7–8,57–58,379–506; 534–544; 551–559; 576–585; 627–660,,hp/manuals/HP-Prime.pdf
HP-Prime,Main keypad,7,. (decimal),none,,. (decimal),,7–8,57–58,379–506; 534–544; 551–559; 576–585; 627–660,,hp/manuals/HP-Prime.pdf
HP-Prime,Main keypad,7,. (decimal),shift,blue,=,,7–8,57–58,379–506; 534–544; 551–559; 576–585; 627–660,,hp/manuals/HP-Prime.pdf
HP-Prime,Main keypad,7,␣ (space),none,,␣ (space),,7–8,57–58,379–506; 534–544; 551–559; 576–585; 627–660,,hp/manuals/HP-Prime.pdf
HP-Prime,Main keypad,7,␣ (space),shift,blue,_ (underscore),,7–8,57–58,379–506; 534–544; 551–559; 576–585; 627–660,,hp/manuals/HP-Prime.pdf
HP-Prime,Main keypad,7,+,none,,+,,7–8,57–58,379–506; 534–544; 551–559; 576–585; 627–660,,hp/manuals/HP-Prime.pdf
HP-Prime,Main keypad,7,+,shift,blue,Ans,,7–8,57–58,379–506; 534–544; 551–559; 576–585; 627–660,,hp/manuals/HP-Prime.pdf
HP-Prime,Main keypad,7,+,alpha,,;,,7–8,57–58,379–506; 534–544; 551–559; 576–585; 627–660,,hp/manuals/HP-Prime.pdf
